## NeoMutt Contributors - auto-generated: https://github.com/neomutt/management/tree/master/git
0mp	<mpp302@gmail.com>	Mateusz Piotrowski <mpp302@gmail.com>
0-wiz-0	<wiz@netbsd.org>	Thomas Klausner <wiz@netbsd.org>
0x747972	<0x747972@gmail.com>	ryt <0x747972@gmail.com>
a3nm	<a3nm@a3nm.net>	Antoine Amarilli <a3nm@a3nm.net>
adityadesaha	<adityadesaha@gmail.com>	Aditya De Saha <adityadesaha@gmail.com>
ahmedelgabri	<ahmed@gabri.me>	Ahmed El Gabri <ahmed@gabri.me>
ahmedelgabri	<ahmed@gabri.me>	Ahmed El Gabri <ahmed+github@gabri.me>
aladw	<AladW@users.noreply.github.com>	Alad Wenter <AladW@users.noreply.github.com>
alexpearce	<alex@alexpearce.me>	Alex Pearce <alex@alexpearce.me>
aluriak	<lucas.bourneuf@laposte.net>	Aluriak <lucas.bourneuf@laposte.net>
aluriak	<lucas.bourneuf@laposte.net>	Lucas Bourneuf <lucas.bourneuf@laposte.net>
alvherre	<alvherre@alvh.no-ip.org>	Alvaro Herrera <alvherre@alvh.no-ip.org>
alyptik	<joeypabalinas@gmail.com>	Joey Pabalinas <joeypabalinas@gmail.com>
alyssais	<hi@alyssa.is>	Alyssa Ross <hi@alyssa.is>
amudtogal	<simms1@web.de>	Simon Reichel <simms1@web.de>
anarazel	<andres@anarazel.de>	Andres Freund <andres@anarazel.de>
anarcat	<anarcat@debian.org>	anarcat <anarcat@users.noreply.github.com>
anarcat	<anarcat@debian.org>	Antoine Beaupré <anarcat@debian.org>
andir	<andreas@rammhold.de>	Andreas Rammhold <andreas@rammhold.de>
aradici	<antonio@dyne.org>	Antonio Radici <antonio@dyne.org>
aradici	<antonio@dyne.org>	Unknown <antonio@dyne.org>
archenemies	<frederik@ofb.net>	Frederick Eaton <frederik@ofb.net>
austin-ray	<austin@austinray.io>	Austin Ray <austin@austinray.io>
austin-ray	<austin@austinray.io>	Austin Ray <austin.duke.ray@gmail.com>
bazzinotti	<mbazzinotti@gmail.com>	Michael Bazzinotti <mbazzinotti@gmail.com>
bazzinotti	<mbazzinotti@gmail.com>	Michael J. Bazzinotti <mbazzinotti@gmail.com>
bbenne10	<bbenne10@gmail.com>	Bryan Bennett <bbenne10@gmail.com>
bertramscharpf	<software@bertram-scharpf.de>	Bertram Scharpf <software@bertram-scharpf.de>
bitstreamout	<werner@suse.de>	Werner Fink <werner@suse.de>
bket	<bjorn.ketelaars@hydroxide.nl>	Björn Ketelaars <bjorn.ketelaars@hydroxide.nl>
bmclean2	<brendan.mclean@gmail.com>	bmclean2 <brendan.mclean@posteo.net>
bmclean2	<brendan.mclean@gmail.com>	Brendan McLean <brendan.mclean@gmail.com>
brunnre8	<reto@labrat.space>	Reto Brunner <reto@labrat.space>
brunnre8	<reto@labrat.space>	Reto <reto@labrat.space>
caspervector	<CasperVector@gmail.com>	Casper Ti Vector <CasperVector@gmail.com>
caspervector	<CasperVector@gmail.com>	Casper Ti. Vector <CasperVector@gmail.com>
cdrage	<charlie@charliedrage.com>	Charlie Drage <charlie@charliedrage.com>
cdroege	<mail@cdroege.de>	Christian Dröge <mail@cdroege.de>
christopher-john-czettel	<chris@christopher-czettel.net>	Chris Czettel <chris@christopher-czettel.net>
christopher-john-czettel	<chris@christopher-czettel.net>	chrissl <chris@christopher-czettel.net>
christopher-john-czettel	<chris@christopher-czettel.net>	Christopher John CZETTEL <chris@christopher-czettel.net>
christosmarg	<christos@margiolis.net>	Christos Margiolis <christos@christosmarg.xyz>
christosmarg	<christos@margiolis.net>	Christos Margiolis <christos@margiolis.net>
cinder88	<aerlanger@owlcti.com>	ate <aerlanger@owlcti.com>
cinder88	<aerlanger@owlcti.com>	cinder88 <aerlanger@owlcti.com>
comradekingu	<epost@anotheragency.no>	Allan Nordhøy <epost@anotheragency.no>
cyphar	<cyphar@cyphar.com>	Aleksa Sarai <cyphar@cyphar.com>
daedric	<thomas.sanchz@gmail.com>	Thomas Sanchez <thomas.sanchz@gmail.com>
darkadin	<adansomoza@outlook.com>	Adán Somoza <adansomoza@outlook.com>
darkadin	<adansomoza@outlook.com>	DarkAdin <adansomoza@outlook.com>
darnir	<git@darnir.net>	Darshit Shah <darnir@gmail.com>
darnir	<git@darnir.net>	Darshit Shah <darnir@users.noreply.github.com>
darnir	<git@darnir.net>	Darshit Shah <git@darnir.net>
darrenkenny	<darren.kenny@oracle.com>	Darren Kenny <darren.kenny@oracle.com>
debxwoody	<stefan@debxwoody.de>	DebXWoody <stefan@debxwoody.de>
debxwoody	<stefan@debxwoody.de>	Stefan <32964719+DebXWoody@users.noreply.github.com>
debxwoody	<stefan@debxwoody.de>	Stefan Kropp <stefan@debxwoody.de>
df7cb	<cb@df7cb.de>	Christoph Berg <cb@df7cb.de>
dharrigan	<dharrigan@gmail.com>	David Harrigan <dharrigan@gmail.com>
diabonas	<diabonas@gmx.de>	Jonas Witschel <diabonas@gmx.de>
d-k-c	<damien.riegel@gmail.com>	Damien R <d-k-c@users.noreply.github.com>
d-k-c	<damien.riegel@gmail.com>	Damien Riegel <damien.riegel@gmail.com>
d-k-c	<damien.riegel@gmail.com>	Damien Riegel <damien@riegel.io>
d-k-c	<damien.riegel@gmail.com>	Damien Riegel <damien.riegel@savoirfairelinux.com>
dngray	<dng@disroot.org>	Daniel Gray <dng@disroot.org>
doronbehar	<doron.behar@gmail.com>	Doron Behar <doron.behar@gmail.com>
doweaver	<doug@stone-weaver.com>	Doug Stone-Weaver <doug@stone-weaver.com>
dpgao	<peter@dpgao.cc>	Dapeng Gao <31944689+dpgao@users.noreply.github.com>
dpgao	<peter@dpgao.cc>	Dapeng Gao <peter@dpgao.cc>
dset0x	<kmhzsem@gmx.com>	Dimitrios Semitsoglou-Tsiapos <kmhzsem@gmx.com>
ebblake	<eblake@redhat.com>	Eric Blake <eblake@redhat.com>
edwardbetts	<edward@4angle.com>	Edward Betts <edward@4angle.com>
ehabkost	<ehabkost@redhat.com>	Eduardo Habkost <ehabkost@redhat.com>
elacheche	<elacheche@ubuntu.com>	El Acheche ANIS <elacheche@ubuntu.com>
eldeveloper	<yoshiki89@gmail.com>	Yoshiki Vázquez Baeza <yoshiki89@gmail.com>
epilys	<el13635@mail.ntua.gr>	Manos Pitsidianakis <el13635@mail.ntua.gr>
esovetkin	<e.sovetkin@gmail.com>	Jenya Sovetkin <e.sovetkin@gmail.com>
fbellet	<fabrice@bellet.info>	Fabrice Bellet <fabrice@bellet.info>
fekir	<federico.kircheis@gmail.com>	Federico Kircheis <federico.kircheis@gmail.com>
fekir	<federico.kircheis@gmail.com>	fekir <federico.kircheis@gmail.com>
ferkohajik	<ferko.hajik@gmail.com>	František Hájik <ferko.hajik@gmail.com>
flatcap	<rich@flatcap.org>	Richard Russon (DEPLOY) <rich@flatcap.org>
flatcap	<rich@flatcap.org>	Richard Russon <rich@flatcap.org>
floand	<f.a@31c0.net>	Floyd Anderson <f.a@31c0.net>
flokli	<flokli@flokli.de>	Florian Klink <flokli@flokli.de>
ftilde	<ftilde@tamepointer.de>	ftilde <ftilde@protonmail.com>
ftilde	<ftilde@tamepointer.de>	ftilde <ftilde@tamepointer.de>
gahr	<gahr@gahr.ch>	Pietro Ceruti <gahr@gahr.ch>
gahr	<gahr@gahr.ch>	Pietro Cerutti <gahr@gahr.ch>
ghikio	<criw@pm.me>	Victor Fernandes <criw@pm.me>
grobian	<grobian@gentoo.org>	Fabian Groffen <grobian@gentoo.org>
grobian	<grobian@gentoo.org>	Fabian Groffen <grobian@orakel.ods.org>
guiniol	<gui-gui@netcourrier.com>	Guillaume Brogi <gui-gui@netcourrier.com>
guiniol	<gui-gui@netcourrier.com>	guiniol <gui-gui@netcourrier.com>
guyzmo	<guyzmo+github+pub@m0g.net>	Bernard 'Guyzmo' Pratz <guyzmo+github+pub@m0g.net>
guyzmo	<guyzmo+github+pub@m0g.net>	Bernard Pratz <guyzmo+github+pub@m0g.net>
guyzmo	<guyzmo+github+pub@m0g.net>	Guyzmo <guyzmo+github+pub@m0g.net>
guyzmo	<guyzmo+github+pub@m0g.net>	guyzmo <guyzmo+github+pub@m0g.net>
hvkls	<ab@andreberger.eu>	ab <Andre Berger andre.berger@web.de>
hvkls	<ab@andreberger.eu>	André Berger <ab@andreberger.eu>
hvkls	<ab@andreberger.eu>	André Berger <andre.berger@web.de>
igit	<as@as-home.fr>	Alexandre SIMON <as@as-home.fr>
igit	<as@as-home.fr>	Alexandre Simon <as@as-home.fr>
immae	<ismael.bouya@normalesup.org>	Ismaël Bouya <ismael.bouya@normalesup.org>
inglor	<artafinde@gmail.com>	Leonidas Spyropoulos <artafinde@gmail.com>
inrin	<seishinryohosha@jikken.de>	Anton Rieger <seishinryohosha@jikken.de>
inrin	<seishinryohosha@jikken.de>	seishinryohosha <seishinryohosha@users.noreply.github.com>
jakkinstewart	<dracogoyle@gmail.com>	Jakkin <dracogoyle@gmail.com>
jakkinstewart	<dracogoyle@gmail.com>	Joshua Jordi <dracogoyle@gmail.com>
jakkinstewart	<dracogoyle@gmail.com>	Joshua Jordi <JakkinStewart@users.noreply.github.com>
jamesbvaughan	<james@jamesbvaughan.com>	James Vaughan <james@jamesbvaughan.com>
jasperla	<jasper@humppa.nl>	Jasper Adriaanse <jasper@humppa.nl>
jasperla	<jasper@humppa.nl>	Jasper Lievisse Adriaanse <jasper@humppa.nl>
jelly	<jelle@vdwaa.nl>	Jelle van der Waa <jelle@vdwaa.nl>
jeriko-one	<jeriko.one@gmx.us>	JerikoOne <jeriko.one@gmx.us>
jindraj	<jakub.jindra@socialbakers.com>	Jakub Jindra <jakub.jindra@socialbakers.com>
jindraj	<jakub.jindra@socialbakers.com>	Jakub Jindra <jindraj@users.noreply.github.com>
jindraj	<jakub.jindra@socialbakers.com>	Jakub Jindra <jakub.jindra@socialbakers.com>
jlmuir	<jlmuir@imca-cat.org>	J Lewis Muir <jlmuir@imca-cat.org>
jlmuir	<jlmuir@imca-cat.org>	J. Lewis Muir <jlmuir@imca-cat.org>
josephbisch	<joseph.bisch@gmail.com>	Joseph Bisch <joseph.bisch@gmail.com>
jperkin	<jperkin@netbsd.org>	Jonathan Perkin <jperkin@netbsd.org>
jpoimboe	<jpoimboe@redhat.com>	Josh Poimboeuf <jpoimboe@redhat.com>
julian-klode	<jak@jak-linux.org>	Julian Andres Klode <jak@jak-linux.org>
justinvasel	<justin.vasel@gmail.com>	Justin Vasel <justin.vasel@gmail.com>
jwilk	<jwilk@jwilk.net>	Jakub Wilk <jwilk@jwilk.net>
karelzak	<kzak@redhat.com>	Karel Zak <kzak@redhat.com>
kbcb	<gerrit@macclub-os.de>	Gerrit Rüsing <gerrit@macclub-os.de>
kbcb	<gerrit@macclub-os.de>	Gerrit <ruesing@posteo.de>
kdave	<dsterba@suse.cz>	David Sterba <dsterba@suse.com>
kdave	<dsterba@suse.cz>	David Sterba <dsterba@suse.cz>
kdecherf	<kevin@kdecherf.com>	Kevin Decherf <kevin@kdecherf.com>
kilobyte	<kilobyte@angband.pl>	Adam Borowski <kilobyte@angband.pl>
konfekt	<Konfekt@users.noreply.github.com>	Enno <Konfekt@users.noreply.github.com>
konfekt	<Konfekt@users.noreply.github.com>	Enno Nagel <Konfekt@users.noreply.github.com>
kwantam	<kwantam@gmail.com>	Riad S. Wahby <kwantam@gmail.com>
kwantam	<kwantam@gmail.com>	Riad Wahby <kwantam@gmail.com>
l29ah	<zl29ah@gmail.com>	Sergey Alirzaev <zl29ah@gmail.com>
l2dy	<l2dy@icloud.com>	Zero King <l2dy@icloud.com>
larshaalck	<l_haal02@uni-muenster.de>	Lars Haalck <l_haal02@uni-muenster.de>
larsks	<lars@oddbit.com>	Lars Kellogg-Stedman <lars@oddbit.com>
lbschenkel	<leonardo@schenkel.net>	Leonardo Brondani Schenkel <leonardo@schenkel.net>
lbschenkel	<leonardo@schenkel.net>	Leonardo Schenkel <leonardo@schenkel.net>
louis77	<louis@openbooking.ch>	Louis Brauer <louis@openbooking.ch>
lrosenman	<larryrtx@gmail.com>	Larry Rosenman <larryrtx@gmail.com>
makoshark	<mako@atdot.cc>	Benjamin Mako Hill <mako@atdot.cc>
manphiz	<manphiz@gmail.com>	Deng Xiyue <manphiz@gmail.com>
matthewhughes934	<matthewhughes934@gmail.com>	Matthew Hughes <matthewhughes934@gmail.com>
mcmilk	<github@mcmilk.de>	Tino Reichardt <github@mcmilk.de>
mcmilk	<github@mcmilk.de>	Tino Reichardt <milky-neomutt@mcmilk.de>
mgedmin	<marius@gedmin.as>	Marius Gedminas <marius@gedmin.as>
mhinz	<mh.codebro@gmail.com>	Marco Hinz <mh.codebro@gmail.com>
michaeldim02	<31562759+MichaelDim02@users.noreply.github.com>	Michael Constantine Dimopoulos <31562759+MichaelDim02@users.noreply.github.com>
mineo	<themineo@gmail.com>	Wieland Hoffmann <mineo@users.noreply.github.com>
mineo	<themineo@gmail.com>	Wieland Hoffmann <themineo@gmail.com>
MingcongBai	<jeffbai@aosc.xyz>	Mingcong Bai <jeffbai@aosc.xyz>
mjsir911	<marco@sirabella.org>	Marco Sirabella <marco@sirabella.org>
mochidai	<mochidai@gmail.com>	Dai Mochinaga <mochidai@gmail.com>
mochidai	<mochidai@gmail.com>	mochidai <mochidai@gmail.com>
mokulus	<mmokulus@gmail.com>	Mateusz Okulus <mmokulus@gmail.com>
mrajner	<mrajner@gik.pw.edu.pl>	Marcin Rajner lenovo <mrajner@gik.pw.edu.pl>
mrajner	<mrajner@gik.pw.edu.pl>	Marcin Rajner <mrajner@chalmers>
mrajner	<mrajner@gik.pw.edu.pl>	Marcin Rajner <mrajner@gik.pw.edu.pl>
mrajner	<mrajner@gik.pw.edu.pl>	Marcin Rajner <mrajner@lenovo>
mrajner	<mrajner@gik.pw.edu.pl>	Marcin Rajner <mrajner@lenovoarch>
mrajner	<mrajner@gik.pw.edu.pl>	Marcin Rajner <mrajner@pwarch>
nabijaczleweli	<nabijaczleweli@nabijaczleweli.xyz>	наб <nabijaczleweli@gmail.com>
nabijaczleweli	<nabijaczleweli@nabijaczleweli.xyz>	наб <nabijaczleweli@nabijaczleweli.xyz>
nagefire	<nagefire.dev@gmail.com>	Nagefire <nagefire.dev@gmail.com>
neverpanic	<neverpanic@gmail.com>	Clemens Lang <neverpanic@gmail.com>
ngortheone	<ihor@antonovs.family>	Ihor Antonov <ihor@antonovs.family>
ngw	<ngw@nofeed.org>	Nicholas Wieland <ngw@nofeed.org>
nicolasbock	<nicolasbock@gmail.com>	Nicolas Bock <nicolasbock@gmail.com>
nnathan	<naveen@lastninja.net>	Naveen Nathan <naveen@lastninja.net>
nobrowser	<itz@no-use.mooo.com>	Ian Zimmerman <itz@no-use.mooo.com>
nobrowser	<itz@no-use.mooo.com>	Ian Zimmerman <itz@primate.net>
nobrowser	<itz@no-use.mooo.com>	Ian Zimmerman <itz@very.loosely.org>
nobrowser	<itz@no-use.mooo.com>	Ian Zimmerman <nobrowser@users.noreply.github.com>
NONE	<18015852+libBletchley@users.noreply.github.com>	Bletchley Park <18015852+libBletchley@users.noreply.github.com>
NONE	<ivan@siamics.net>	Ivan Shmakov <ivan@siamics.net>
NONE	<mutt@cert.siemens.de>	Udo Schweigert <mutt@cert.siemens.de>
NONE	<regid23@nt1.in>	Regid Ichira <regid23@nt1.in>
NONE	<rtlanceroad@gmail.com>	rtlanceroad <rtlanceroad@gmail.com>
NONE	<rtlanceroad@gmail.com>	Shi Lee <rtlanceroad@gmail.com>
NONE	<rubenllorente@startmail.com>	Rubén Llorente <rubenllorente@startmail.com>
NONE	<sgilles@math.umd.edu>	S. Gilles <sgilles@math.umd.edu>
NONE	<sgilles@math.umd.edu>	Stephen Gilles <sgilles@math.umd.edu>
nuclearsandwich	<steven@nuclearsandwich.com>	Steven Ragnarök <steven@nuclearsandwich.com>
nuclearsandwich	<steven@nuclearsandwich.com>	Steven! Ragnarök <steven@nuclearsandwich.com>
ocelotsloth	<mark@stengle.in>	Mark Stenglein <mark@stengle.in>
orangecms	<info@orangecms.org>	Daniel Maslowski <info@orangecms.org>
paniash	<ashish.panigrahi@protonmail.com>	Ashish Panigrahi <ashish.panigrahi@protonmail.com>
parazyd	<parazyd@dyne.org>	Ivan J <parazyd@dyne.org>
parazyd	<parazyd@dyne.org>	Ivan J <parazyd@users.noreply.github.com>
parazyd	<parazyd@dyne.org>	parazyd <parazyd@dyne.org>
paretje	<kevin@paretje.be>	Kevin Velghe <kevin@paretje.be>
p-eb	<becue@crans.org>	Pierre-Elliott Bécue <becue@crans.org>
p-eb	<becue@crans.org>	Pierre-Elliott Bécue <P-EB@users.noreply.github.com>
petelewis	<pete@muddygoat.org>	Peter Lewis <pete@muddygoat.org>
philpennock	<phil@pennock-tech.com>	Phil Pennock <phil@pennock-tech.com>
phroa	<jack@phroa.net>	Jack Stratton <jack@phroa.net>
pickfire	<pickfire@riseup.net>	Ivan Tham <pickfire@riseup.net>
pigmonkey	<pm@pig-monkey.com>	Peter Hogg <pm@pig-monkey.com>
pigmonkey	<pm@pig-monkey.com>	Pig Monkey <pm@pig-monkey.com>
pinpox	<pablo1@mailbox.org>	Pablo Ovelleiro Corral <pablo1@mailbox.org>
psyomn	<lethaljellybean@gmail.com>	Simon Symeonidis <lethaljellybean@gmail.com>
qsuscs	<qsx@qsx.re>	Thomas Schneider <qsx@qsx.re>
r3lgar	<r3lgar@openmailbox.org>	r3lgar <r3lgar@openmailbox.org>
r3lgar	<r3lgar@openmailbox.org>	r3lgar <r3lgar@users.noreply.github.com>
rawtaz	<leo@finalresort.org>	Leo Lundgren <leo@finalresort.org>
rawtaz	<leo@finalresort.org>	Leo R. Lundgren <leo@finalresort.org>
rawtaz	<leo@finalresort.org>	rawtaz <rawtaz@users.noreply.github.com>
reisradomil	<reisradomil@fake-box.com>	Reis Radomil <reisradomil@fake-box.com>
richih	<RichiH@users.noreply.github.com>	Richard Hartmann <RichiH@users.noreply.github.com>
riesebie	<riesebie@lxtec.de>	Elimar Riesebieter <riesebie@lxtec.de>
romeug	<romeu.bizz@gmail.com>	Romeu Vieira <romeu.bizz@gmail.com>
ronisbr	<ronisbr@gmail.com>	Ronan Arraes Jardim Chagas <ronisbr@gmail.com>
royger	<roger.pau@citrix.com>	Roger Pau Monne <roger.pau@citrix.com>
rprimus	<rprimus@gmail.com>	R Primus <rprimus@gmail.com>
rypervenche	<contact@ryper.org>	Perry Thompson <contact@ryper.org>
santiagotorres	<torresariass@gmail.com>	Santiago Torres <torresariass@gmail.com>
sassmann	<sassmann@kpanic.de>	sassmann <sassmann@users.noreply.github.com>
sassmann	<sassmann@kpanic.de>	Stefan Assmann <sassmann@kpanic.de>
sassmann	<sassmann@kpanic.de>	Stefan Assmann <sassmann@redhat.com>
scottkosty	<scott.kostyshak@gmail.com>	Scott Kostyshak <scott.kostyshak@gmail.com>
seojangho	<jangho@jangho.io>	Jangho Seo <jangho@jangho.io>
sgeb	<serge.gebhardt@gmail.com>	Serge Gebhardt <serge.gebhardt@gmail.com>
shanedabes	<donohoe.shane@gmail.com>	Shane Donohoe <donohoe.shane@gmail.com>
shanedabes	<donohoe.shane@gmail.com>	sharktamer <sharktamer@users.noreply.github.com>
sheoak	<sheoak@users.noreply.github.com>	Sheoak <sheoak@users.noreply.github.com>
shioyama	<chris@dejimata.com>	Chris Salzberg <chris@dejimata.com>
shioyama	<chris@dejimata.com>	Chris Salzberg <csalzberg@degica.com>
sileht	<sileht@sileht.net>	Mehdi ABAAKOUK <sileht@sileht.net>
sileht	<sileht@sileht.net>	Mehdi Abaakouk <sileht@sileht.net>
somini	<dev@somini.xyz>	somini <dev@somini.xyz>
somini	<dev@somini.xyz>	somini <somini29@yandex.com>
somini	<dev@somini.xyz>	somini <somini@users.noreply.github.com>
speed47	<speed47_github@speed47.net>	Stéphane Lesimple <speed47_github@speed47.net>
sstark	<sstark@mailbox.org>	Sebastian Stark <sstark@mailbox.org>
stbuehler	<stbuehler@web.de>	Stefan Bühler <stbuehler@web.de>
sten0	<nsteeves@gmail.com>	Nicholas D Steeves <nsteeves@gmail.com>
sten0	<nsteeves@gmail.com>	Nicholas Steeves <nsteeves@gmail.com>
sthen	<stu-github@spacehopper.org>	Stuart Henderson <sthen@users.noreply.github.com>
sthen	<stu-github@spacehopper.org>	Stuart Henderson <stu-github@spacehopper.org>
stigtsp	<stig@stig.io>	Stig Palmquist <stig@stig.io>
stoeckmann	<tobias@stoeckmann.org>	Tobias Stoeckmann <tobias@stoeckmann.org>
stormc	<storm@mailbox.org>	Christian Storm <storm@mailbox.org>
strahinja	<contact@strahinja.org>	Страхиња Радић <contact@strahinja.org>
sweetvishnya	<vishnya@ispras.ru>	Alexey Vishnyakov <vishnya@ispras.ru>
tecepe	<tecepe@tecepe.eng.br>	tecepe <tecepe@tecepe.eng.br>
tecepe	<tecepe@tecepe.eng.br>	tecepe <tecepe@users.noreply.github.com>
tecepe	<tecepe@tecepe.eng.br>	Thiago Costa de Paiva <tcpaiva@cern.ch>
tecepe	<tecepe@tecepe.eng.br>	Thiago Costa de Paiva <tcpaiva@users.noreply.github.com>
tecepe	<tecepe@tecepe.eng.br>	Thiago Costa de Paiva <tecepe@tecepe.eng.br>
teknokatze	<ng0@n0.is>	ng0 <ng0@infotropique.org>
teknokatze	<ng0@n0.is>	ng0 <ng0@n0.is>
telshock	<telshock@users.noreply.github.com>	telshock <telshock@users.noreply.github.com>
theojepsen	<theojepsen@gmail.com>	Theo Jepsen <theojepsen@gmail.com>
theojepsen	<theojepsen@gmail.com>	Theo <theojepsen@g-m-a-i-l-dotcom>
thomasadam	<thomas@xteddy.org>	Thomas Adam <thomas@xteddy.org>
thomasjfox	<thomas.jarosch@intra2net.com>	Thomas Jarosch <thomas.jarosch@intra2net.com>
timb87	<tbier@posteo.de>	Tim Biermann <tbier@posteo.de>
toogley	<toogley@mailbox.org>	Tobias Angele <toogley@mailbox.org>
toogley	<toogley@mailbox.org>	toogley <9417950+toogley@users.noreply.github.com>
toogley	<toogley@mailbox.org>	toogley <toogley@mailbox.org>
tsuflux	<johannes@frankenau.net>	Johannes Frankenau <johannes@frankenau.net>
vcheburkin	<victor.cheburkin@gmail.com>	Viktor Cheburkin <victor.cheburkin@gmail.com>
vpub	<valsy@mail.ru>	Valeri Sergeev <valsy@mail.ru>
vpub	<valsy@mail.ru>	Valeri Y.Sergeev <valsy@mail.ru>
vrthra	<rahul@gopinath.org>	Rahul Gopinath <rahul@gopinath.org>
walkerlala	<ablacktshirt@gmail.com>	Yubin Ruan <ablacktshirt@gmail.com>
wcurry	<will@robotican.org>	Will Curry <will@robotican.org>
weisslj	<jargon@molb.org>	Johannes Weißl <jargon@molb.org>
whnr	<florian@whnr.de>	Florian Wehner <florian@whnr.de>
whynothugo	<hugo@barrera.io>	Hugo Barrera <hugo@barrera.io>
whynothugo	<hugo@barrera.io>	Hugo Osvaldo Barrera <hugo@barrera.io>
winderickxeli	<eli.winderickx@ap.be>	Eli Winderickx <eli.winderickx@ap.be>
winderickxeli	<eli.winderickx@ap.be>	Winderickx Eli (p087068) <eli.winderickx@ap.be>
wpettersson	<william.pettersson@gmail.com>	William Pettersson <william.pettersson+github@gmail.com>
wpettersson	<william.pettersson@gmail.com>	William Pettersson <william.pettersson@gmail.com>
wzy	<wuzy01@qq.com>	Freed-Wu <wuzy01@qq.com>
wzy	<wuzy01@qq.com>	wzy <32936898+Freed-Wu@users.noreply.github.com>
x3nb63	<25959223+x3nb63@users.noreply.github.com>	x3nb63 <25959223+x3nb63@users.noreply.github.com>
yimmt	<timmyxiao1@gmail.com>	Timmy Xiao <timmyxiao1@gmail.com>
yousefakbar	<yousef@yhakbar.com>	Yousef Akbar <yousef@yhakbar.com>
yuzibo	<tsu.yubo@gmail.com>	Bo <tsu.yubo@gmail.com>
yuzibo	<tsu.yubo@gmail.com>	Bo Yu <tsu.yubo@gmail.com>
yuzibo	<tsu.yubo@gmail.com>	Bo YU <yuzibode@126.com>
z2v	<zakharov.vv@gmail.com>	Vladimir Zakharov <zakharov.vv@gmail.com>
zacchiro	<zack@upsilon.cc>	Stefano Zacchiroli <zack@upsilon.cc>
zakarouf	<60977989+zakarouf@users.noreply.github.com>	Zak D <60977989+zakarouf@users.noreply.github.com>
zsugabubus	<zsugabubus@users.noreply.github.com>	zsugabubus <zsugabubus@users.noreply.github.com>
## Mutt Contributors - auto-generated: https://github.com/neomutt/management/tree/master/git
UPSTREAM 	<dev@mutt.org>	Aaron Lehmann <aaronl@vitelus.com>
UPSTREAM 	<dev@mutt.org>	Aaron Schrab <aaron+mutt@schrab.com>
UPSTREAM 	<dev@mutt.org>	Aaron Schrab <aaron@schrab.com>
UPSTREAM 	<dev@mutt.org>	Adeodato Simó <asp16@alu.ua.es>
UPSTREAM 	<dev@mutt.org>	Adeodato Simó <dato@net.com.org.es>
UPSTREAM 	<dev@mutt.org>	Alain Bench <messtic@oreka.com>
UPSTREAM 	<dev@mutt.org>	Alain Bench <veronatif@free.fr>
UPSTREAM 	<dev@mutt.org>	Alain Penders <alain@finale-dev.com>
UPSTREAM 	<dev@mutt.org>	Alexey Froloff <raorn@altlinux.org>
UPSTREAM 	<dev@mutt.org>	Alexey I. Froloff <raorn@altlinux.org>
UPSTREAM 	<dev@mutt.org>	Alexey Tourbin <at@altlinux.org>
UPSTREAM 	<dev@mutt.org>	Ambrose Li <a.c.li@ieee.org>
UPSTREAM 	<dev@mutt.org>	Ammon Riley <ammon.riley@gmail.com>
UPSTREAM 	<dev@mutt.org>	Anatoly Vorobey <mellon@pobox.com>
UPSTREAM 	<dev@mutt.org>	Anders Helmersson <anders.helmersson@telia.com>
UPSTREAM 	<dev@mutt.org>	Anders Helmersson <anders.helmersson.utsikt@wasadata.net>
UPSTREAM 	<dev@mutt.org>	Andre Beck <beck@ibh.de>
UPSTREAM 	<dev@mutt.org>	Andreas Amann <andreas.amann@tyndall.ie>
UPSTREAM 	<dev@mutt.org>	Andreas Jaggi <unknown>
UPSTREAM 	<dev@mutt.org>	Andreas Jobs <unknown>
UPSTREAM 	<dev@mutt.org>	Andrew Gaul <andrew@gaul.org>
UPSTREAM 	<dev@mutt.org>	Andrew Marks <amarks@red.ridge.amrx.net>
UPSTREAM 	<dev@mutt.org>	Andrew Nosenko <awn@bcs.zp.ua>
UPSTREAM 	<dev@mutt.org>	Andrew W. Nosenko <awn@bcs.zp.ua>
UPSTREAM 	<dev@mutt.org>	Andrey Skvortsov <andrej.skvortzov@gmail.com>
UPSTREAM 	<dev@mutt.org>	Antoine Reilles <tonio@netbsd.org>
UPSTREAM 	<dev@mutt.org>	Anton Lindqvist <anton@basename.se>
UPSTREAM 	<dev@mutt.org>	Anton Lindqvist <anton.lindqvist@gmail.com>
UPSTREAM 	<dev@mutt.org>	Armin Wolfermann <aw@osn.de>
UPSTREAM 	<dev@mutt.org>	Aron Griffis <agriffis@n01se.net>
UPSTREAM 	<dev@mutt.org>	Athanasios Douitsis <aduitsis@gmail.com>
UPSTREAM 	<dev@mutt.org>	Beck, Andre <beck@ibh.de>
UPSTREAM 	<dev@mutt.org>	Benno Schulenberg <i18n@benno.vertaalt.nl>
UPSTREAM 	<dev@mutt.org>	Bernd Ahlers <bernd@ba-net.org>
UPSTREAM 	<dev@mutt.org>	Bertram Felgenhauer <int-e@gmx.de>
UPSTREAM 	<dev@mutt.org>	Bertrand Janin <tamentis@neopulsar.org>
UPSTREAM 	<dev@mutt.org>	Bill Nottingham <notting@redhat.com>
UPSTREAM 	<dev@mutt.org>	Bjoern Jacke <bjoern@j3e.de>
UPSTREAM 	<dev@mutt.org>	Bjoern Jacke <muttbug@j3e.de>
UPSTREAM 	<dev@mutt.org>	Brandon Long <blong@fiction.net>
UPSTREAM 	<dev@mutt.org>	Brendan Cully <brendan@cully.org>
UPSTREAM 	<dev@mutt.org>	Brendan Cully <brendan@kublai.com>
UPSTREAM 	<dev@mutt.org>	Brent J. Nordquist <brent@nordist.net>
UPSTREAM 	<dev@mutt.org>	Brent Nordquist <brent@nordist.net>
UPSTREAM 	<dev@mutt.org>	Bruno Postle <bruno@postle.net>
UPSTREAM 	<dev@mutt.org>	Byrial Jensen <byrial@image.dk>
UPSTREAM 	<dev@mutt.org>	Cameron Patrick <cameron@patrick.wattle.id.au>
UPSTREAM 	<dev@mutt.org>	Cedric Duval <cedricduval@free.fr>
UPSTREAM 	<dev@mutt.org>	Cedric Duval <cedricduval+web@free.fr>
UPSTREAM 	<dev@mutt.org>	Christian Aichinger <greek0@gmx.net>
UPSTREAM 	<dev@mutt.org>	Christian Ebert <blacktrash@gmx.net>
UPSTREAM 	<dev@mutt.org>	Christian Vogel <vogelchr@vogel.cx>
UPSTREAM 	<dev@mutt.org>	Christoph Ludwig <cludwig@cdc.informatik.tu-darmstadt.de>
UPSTREAM 	<dev@mutt.org>	Cody Brownstein <cbrownstein@liquidityllc.com>
UPSTREAM 	<dev@mutt.org>	Consus <consus@gmx.com>
UPSTREAM 	<dev@mutt.org>	convert-repo <unknown>
UPSTREAM 	<dev@mutt.org>	Corey Minyard <cminyard@mvista.com>
UPSTREAM 	<dev@mutt.org>	Cyril Roelandt <tipecaml@gmail.com>
UPSTREAM 	<dev@mutt.org>	Dale Woolridge <dale-flea-mutt-bug@woolridge.org>
UPSTREAM 	<dev@mutt.org>	Dale Woolridge <dale-list-mutt-dev-2@woolridge.org>
UPSTREAM 	<dev@mutt.org>	Dan Born <dan@danborn.net>
UPSTREAM 	<dev@mutt.org>	Dan Fandrich <dan@coneharvesters.com>
UPSTREAM 	<dev@mutt.org>	Dan Hopper <ku4nf@austin.rr.com>
UPSTREAM 	<dev@mutt.org>	Dan Loewenherz <daniel.loewenherz@yale.edu>
UPSTREAM 	<dev@mutt.org>	Dan Nelson <dnelson@allantgroup.com>
UPSTREAM 	<dev@mutt.org>	Dan Ohnesorg <dan@ohnesorg.cz>
UPSTREAM 	<dev@mutt.org>	Daniel Burrows <dburrows@debian.org>
UPSTREAM 	<dev@mutt.org>	Daniel Jacobowitz <dan@debian.org>
UPSTREAM 	<dev@mutt.org>	Daniel Kahn Gillmor <dkg@fifthhorseman.net>
UPSTREAM 	<dev@mutt.org>	Daniel Schmitz <dr1s@users.noreply.github.com>
UPSTREAM 	<dev@mutt.org>	Daniel Tameling <tamelingdaniel@gmail.com>
UPSTREAM 	<dev@mutt.org>	David Champion <dgc@bikeshed.us>
UPSTREAM 	<dev@mutt.org>	David Champion <dgc@c13.us>
UPSTREAM 	<dev@mutt.org>	David Champion <dgc.github@c13.us>
UPSTREAM 	<dev@mutt.org>	David Champion <dgc@uchicago.edu>
UPSTREAM 	<dev@mutt.org>	David Jardine <david@jardine.de>
UPSTREAM 	<dev@mutt.org>	David Shaw <dshaw@jabberwocky.com>
UPSTREAM 	<dev@mutt.org>	David Wilson <dw@botanicus.net>
UPSTREAM 	<dev@mutt.org>	David Yitzchak Cohen <lists+mutt_bugs@bigfatdave.com>
UPSTREAM 	<dev@mutt.org>	David Yitzchak Cohen <lists+mutt_devs@bigfatdave.com>
UPSTREAM 	<dev@mutt.org>	Derek Martin <code@pizzashack.org>
UPSTREAM 	<dev@mutt.org>	Derek Martin <invalid@pizzashack.org>
UPSTREAM 	<dev@mutt.org>	Derek Schrock <dereks@lifeofadishwasher.com>
UPSTREAM 	<dev@mutt.org>	Dmitri Vereshchagin <dmitri.vereshchagin@gmail.com>
UPSTREAM 	<dev@mutt.org>	Ed Neville <ed@s5h.net>
UPSTREAM 	<dev@mutt.org>	Edmund GRIMLEY EVANS <edmund820@rano.org>
UPSTREAM 	<dev@mutt.org>	Edmund GRIMLEY EVANS <edmundo@rano.org>
UPSTREAM 	<dev@mutt.org>	Edmund Grimley Evans <edmundo@rano.org>
UPSTREAM 	<dev@mutt.org>	ed@s5h.net <ed@s5h.net>
UPSTREAM 	<dev@mutt.org>	Eike Rathke <erack@erack.de>
UPSTREAM 	<dev@mutt.org>	Elmar Hoffmann <mutt-dev-ml@elho.net>
UPSTREAM 	<dev@mutt.org>	Emanuele Giaquinta <e.giaquinta@glauco.it>
UPSTREAM 	<dev@mutt.org>	Emanuele Giaquinta <unknown>
UPSTREAM 	<dev@mutt.org>	Eric Raymond <esr@thyrsus.com>
UPSTREAM 	<dev@mutt.org>	Erik Hovland <erik@hovland.org>
UPSTREAM 	<dev@mutt.org>	Fahri Cihan Demirci <fcdemirci@fastmail.fm>
UPSTREAM 	<dev@mutt.org>	Flammie Pirinen <flammie@iki.fi>
UPSTREAM 	<dev@mutt.org>	Florian Weimer <fw@deneb.enyo.de>
UPSTREAM 	<dev@mutt.org>	Gary Johnson <garyjohn@spk.agilent.com>
UPSTREAM 	<dev@mutt.org>	Gary Johnson <unknown>
UPSTREAM 	<dev@mutt.org>	Gero Treuner <gero@70t.de>
UPSTREAM 	<dev@mutt.org>	Gero Treuner <gerotick@faveve.uni-stuttgart.de>
UPSTREAM 	<dev@mutt.org>	Gregory Shapiro <dev.mutt.org@g.gshapiro.net>
UPSTREAM 	<dev@mutt.org>	Grzegorz Szymaszek <gszymaszek@short.pl>
UPSTREAM 	<dev@mutt.org>	gt_16_gitlab.com@innocircle.com <gt_16_gitlab.com@innocircle.com>
UPSTREAM 	<dev@mutt.org>	Guilhem Moulin <guilhem@guilhem.org>
UPSTREAM 	<dev@mutt.org>	guns <self@sungpae.com>
UPSTREAM 	<dev@mutt.org>	H.N.Caldwell <unknown>
UPSTREAM 	<dev@mutt.org>	hncaldwell <unknown>
UPSTREAM 	<dev@mutt.org>	Holger Weiss <holger@zedat.fu-berlin.de>
UPSTREAM 	<dev@mutt.org>	Holger Weiss <lists@jhweiss.de>
UPSTREAM 	<dev@mutt.org>	Honza Horak <hhorak@redhat.com>
UPSTREAM 	<dev@mutt.org>	Horst Schirmeier <horst@schirmeier.com>
UPSTREAM 	<dev@mutt.org>	Horvath Szabolcs <horvaths@fi.inf.elte.hu>
UPSTREAM 	<dev@mutt.org>	Hugo Haas <hugo@larve.net>
UPSTREAM 	<dev@mutt.org>	Im Eunjea <eunjea@koru.org>
UPSTREAM 	<dev@mutt.org>	Ivan Vilata i Balaguer <ivan@selidor.net>
UPSTREAM 	<dev@mutt.org>	James McCoy <jamessan@jamessan.com>
UPSTREAM 	<dev@mutt.org>	Jeff Ito <jeffi@rcn.com>
UPSTREAM 	<dev@mutt.org>	Jeremy Sowden <jeremy@azazel.net>
UPSTREAM 	<dev@mutt.org>	Jesus Climent <jesus.climent@hispalinux.es>
UPSTREAM 	<dev@mutt.org>	Jim Mock <mij@soupnazi.org>
UPSTREAM 	<dev@mutt.org>	Joel Dahl <joel@freebsd.org>
UPSTREAM 	<dev@mutt.org>	Johan D <djo33@free.fr>
UPSTREAM 	<dev@mutt.org>	Johan Svedberg <johan@svedberg.com>
UPSTREAM 	<dev@mutt.org>	Johan Svedberg <johan@svedberg.pp.se>
UPSTREAM 	<dev@mutt.org>	John Beck <john.beck@oracle.com>
UPSTREAM 	<dev@mutt.org>	John Hawkinson <jhawk@mit.edu>
UPSTREAM 	<dev@mutt.org>	John Swinbank <john@swinbank.org>
UPSTREAM 	<dev@mutt.org>	Joël Riou <joel.riou@normalesup.org>
UPSTREAM 	<dev@mutt.org>	Jon Miles <jon@zetnet.net>
UPSTREAM 	<dev@mutt.org>	Jonathan Wakely <bugs@kayari.org>
UPSTREAM 	<dev@mutt.org>	Jörgen Tegnér <jorgen.tegner@telia.com>
UPSTREAM 	<dev@mutt.org>	Juan Altmayer Pizzorno <juan@altmayer.com>
UPSTREAM 	<dev@mutt.org>	Jukka Salmi <j+mutt@2007.salmi.ch>
UPSTREAM 	<dev@mutt.org>	Jukka Salmi <jukka@salmi.ch>
UPSTREAM 	<dev@mutt.org>	Julian Gilbey <julian-git@d-and-j.net>
UPSTREAM 	<dev@mutt.org>	Julien Cristau <unknown>
UPSTREAM 	<dev@mutt.org>	Julius Plenz <plenz@cis.fu-berlin.de>
UPSTREAM 	<dev@mutt.org>	Kees Cook <kees@outflux.net>
UPSTREAM 	<dev@mutt.org>	Kevin McCarthy <kevin@8t8.us>
UPSTREAM 	<dev@mutt.org>	Kevin Scannell <kscanne@gmail.com>
UPSTREAM 	<dev@mutt.org>	Kevin Scannell <scannell@slu.edu>
UPSTREAM 	<dev@mutt.org>	Kimihiro Nonaka <nonakap@gmail.com>
UPSTREAM 	<dev@mutt.org>	Konstantin Stephan <pigleich3@gmx.net>
UPSTREAM 	<dev@mutt.org>	Kyle Wheeler <kyle@memoryhole.net>
UPSTREAM 	<dev@mutt.org>	Kyle Wheeler <kyle-mutt-dev@memoryhole.net>
UPSTREAM 	<dev@mutt.org>	Kyle Wheeler <unknown>
UPSTREAM 	<dev@mutt.org>	Lars Hecking <lhecking@nmrc.ie>
UPSTREAM 	<dev@mutt.org>	Lars Hecking <lhecking@nmrc.ucc.ie>
UPSTREAM 	<dev@mutt.org>	Lars Hecking <lhecking@users.sourceforge.net>
UPSTREAM 	<dev@mutt.org>	lilydjwg <lilydjwg@gmail.com>
UPSTREAM 	<dev@mutt.org>	Luke Mewburn <luke@mewburn.net>
UPSTREAM 	<dev@mutt.org>	Mads Martin Joergensen <mmj@suse.de>
UPSTREAM 	<dev@mutt.org>	Malcolm Parsons <malcolm.parsons@gmail.com>
UPSTREAM 	<dev@mutt.org>	Mantas Mikulėnas <grawity@gmail.com>
UPSTREAM 	<dev@mutt.org>	Marcel Telka <marcel@telka.sk>
UPSTREAM 	<dev@mutt.org>	Marco d'Itri <md@linux.it>
UPSTREAM 	<dev@mutt.org>	Marco Paolone <marcopaolone@gmail.com>
UPSTREAM 	<dev@mutt.org>	Marek Marczykowski-Górecki <marmarek@invisiblethingslab.com>
UPSTREAM 	<dev@mutt.org>	Martin Michlmayr <tbm@cyrius.com>
UPSTREAM 	<dev@mutt.org>	Martin Sandsmark <martin@sandsmark.ninja>
UPSTREAM 	<dev@mutt.org>	Martin Siegert <siegert@sfu.ca>
UPSTREAM 	<dev@mutt.org>	Masayuki Moriyama <unknown>
UPSTREAM 	<dev@mutt.org>	Matt Kraai <kraai@ftbfs.org>
UPSTREAM 	<dev@mutt.org>	Matthias Andree <matthias.andree@gmx.de>
UPSTREAM 	<dev@mutt.org>	Michał Kępień <mutt@kempniu.pl>
UPSTREAM 	<dev@mutt.org>	Michael Elkins <me@mutt.org>
UPSTREAM 	<dev@mutt.org>	Michael Elkins <me@sigpipe.org>
UPSTREAM 	<dev@mutt.org>	Michael Tatge <michael.tatge@web.de>
UPSTREAM 	<dev@mutt.org>	Michael Vrable <mvrable@cs.ucsd.edu>
UPSTREAM 	<dev@mutt.org>	Mike Frysinger <vapier@gentoo.org>
UPSTREAM 	<dev@mutt.org>	Mike Hallock <mhallock@scs.uiuc.edu>
UPSTREAM 	<dev@mutt.org>	Mike Schiraldi <1074468571@schiraldi.org>
UPSTREAM 	<dev@mutt.org>	Miroslav Lichvar <mlichvar@redhat.com>
UPSTREAM 	<dev@mutt.org>	Moritz Schulte <moritz@g10code.com>
UPSTREAM 	<dev@mutt.org>	Moritz Schulte <Moritz.Schulte@ruhr-uni-bochum.de>
UPSTREAM 	<dev@mutt.org>	Morten Bo Johansen <listmail@mbjnet.dk>
UPSTREAM 	<dev@mutt.org>	Morten Bo Johansen <mbj@mbjnet.dk>
UPSTREAM 	<dev@mutt.org>	Morten Bo Johansen <mbj@spamcop.net>
UPSTREAM 	<dev@mutt.org>	Morten Bo Johansen <mjb@spamcop.net>
UPSTREAM 	<dev@mutt.org>	Morten Bo Johansen <mojo@mbjnet.dk>
UPSTREAM 	<dev@mutt.org>	Morten Bo Johansen <morten.bo.johansen@gmail.com>
UPSTREAM 	<dev@mutt.org>	Muh Muhten <muh.muhten@gmail.com>
UPSTREAM 	<dev@mutt.org>	Nathan Dushman <nhd+mutt@andrew.cmu.edu>
UPSTREAM 	<dev@mutt.org>	Neil Brown <neilb@cse.unsw.edu.au>
UPSTREAM 	<dev@mutt.org>	Nicolas Rachinsky <nicolas@dauerreden.de>
UPSTREAM 	<dev@mutt.org>	Nicolas Rachinsky <nr@rachinsky.de>
UPSTREAM 	<dev@mutt.org>	Nik A. Melchior <nam1@cec.wustl.edu>
UPSTREAM 	<dev@mutt.org>	Nik Melchior <nam1@cec.wustl.edu>
UPSTREAM 	<dev@mutt.org>	N.J. Mann <njm@njm.f2s.com>
UPSTREAM 	<dev@mutt.org>	NONAKA Kimihiro <nonakap@gmail.com>
UPSTREAM 	<dev@mutt.org>	Olaf Hering <olaf@aepfle.de>
UPSTREAM 	<dev@mutt.org>	Ondřej Bílka <neleai@seznam.cz>
UPSTREAM 	<dev@mutt.org>	Oneric <Nyff@protonmail.ch>
UPSTREAM 	<dev@mutt.org>	Oota Toshiya <oota@mspd.mt.nec.co.jp>
UPSTREAM 	<dev@mutt.org>	oota toshiya <oota@mspd.mt.nec.co.jp>
UPSTREAM 	<dev@mutt.org>	Oswald Buddenhagen <ossi@kde.org>
UPSTREAM 	<dev@mutt.org>	Patrick Welche <prlw1@cam.ac.uk>
UPSTREAM 	<dev@mutt.org>	Patrick Welche <prlw1@newn.cam.ac.uk>
UPSTREAM 	<dev@mutt.org>	Paul Eggert <eggert@cs.ucla.edu>
UPSTREAM 	<dev@mutt.org>	Paul Walker <paul@black-sun.demon.co.uk>
UPSTREAM 	<dev@mutt.org>	Paul WALKER <paul.walker@st.com>
UPSTREAM 	<dev@mutt.org>	Pawel Dziekonski <dzieko@pwr.wroc.pl>
UPSTREAM 	<dev@mutt.org>	Pawel Dziekonski <pawel.dziekonski@pwr.wroc.pl>
UPSTREAM 	<dev@mutt.org>	Peter Collingbourne <peter@pcc.me.uk>
UPSTREAM 	<dev@mutt.org>	Peter Rosin <peda@lysator.liu.se>
UPSTREAM 	<dev@mutt.org>	Peter Wu <peter@lekensteyn.nl>
UPSTREAM 	<dev@mutt.org>	Petr Pisar <petr.pisar@atlas.cz>
UPSTREAM 	<dev@mutt.org>	Petr Písař <petr.pisar@atlas.cz>
UPSTREAM 	<dev@mutt.org>	Petr Písař <petr.pisar@atlas.cz>
UPSTREAM 	<dev@mutt.org>	Phil Pennock <mutt-dev@spodhuis.demon.nl>
UPSTREAM 	<dev@mutt.org>	Philipp Gesang <philipp.gesang@intra2net.com>
UPSTREAM 	<dev@mutt.org>	pi <pi@beobide.net>
UPSTREAM 	<dev@mutt.org>	Piarres Beobide Egaña <pi@beobide.net>
UPSTREAM 	<dev@mutt.org>	Rado S <regrado@web.de>
UPSTREAM 	<dev@mutt.org>	Rado Smiljanic <regrado@web.de>
UPSTREAM 	<dev@mutt.org>	Ralf Wildenhues <wildenhues@ins.uni-bonn.de>
UPSTREAM 	<dev@mutt.org>	Recai Oktas <roktas@omu.edu.tr>
UPSTREAM 	<dev@mutt.org>	Remco Rijnders <remco@webconquest.com>
UPSTREAM 	<dev@mutt.org>	Remco Rĳnders <remco@webconquest.com>
UPSTREAM 	<dev@mutt.org>	René Clerc <rene@clerc.nl>
UPSTREAM 	<dev@mutt.org>	René Clerc <rene@clerc.nl>
UPSTREAM 	<dev@mutt.org>	Rich Burridge <rich.burridge@oracle.com>
UPSTREAM 	<dev@mutt.org>	Robert Schiele <robert.schiele@t-online.de>
UPSTREAM 	<dev@mutt.org>	Rocco Rutte <pdmef@gmx.net>
UPSTREAM 	<dev@mutt.org>	Rocco Rutte <s1118644@mail.inf.tu-dresden.de>
UPSTREAM 	<dev@mutt.org>	Roger Cornelius <rac@tenzing.org>
UPSTREAM 	<dev@mutt.org>	Roland Rosenfeld <roland@spinnaker.de>
UPSTREAM 	<dev@mutt.org>	Roman Kagan <rkagan@mail.ru>
UPSTREAM 	<dev@mutt.org>	Roman Kraevskiy <rkraevskiy@gmail.com>
UPSTREAM 	<dev@mutt.org>	Ronny Haryanto <ronny@haryan.to>
UPSTREAM 	<dev@mutt.org>	Ronny Haryanto <ronnylist@haryan.to>
UPSTREAM 	<dev@mutt.org>	Rosen Penev <rosenp@gmail.com>
UPSTREAM 	<dev@mutt.org>	Rudi Chiarito <nutello@sweetness.com>
UPSTREAM 	<dev@mutt.org>	Rudy Taraschi <rudy@cae.com>
UPSTREAM 	<dev@mutt.org>	Rupert Levene <rupert@levene.dyndns.org>
UPSTREAM 	<dev@mutt.org>	Sahil Tandon <sahil@brandeis.edu>
UPSTREAM 	<dev@mutt.org>	Sam Pablo Kuper <sampablokuper@riseup.net>
UPSTREAM 	<dev@mutt.org>	Sami Farin <hvtaifwkbgefbaei@gmail.com>
UPSTREAM 	<dev@mutt.org>	Sami Farin <safari-mutt@safari.iki.fi>
UPSTREAM 	<dev@mutt.org>	Samuel Tardieu <sam@rfc1149.net>
UPSTREAM 	<dev@mutt.org>	Sébastien Hinderer <Sebastien.Hinderer@ens-lyon.org>
UPSTREAM 	<dev@mutt.org>	Sébastien Hinderer <Sebastien.Hinderer@libertysurf.fr>
UPSTREAM 	<dev@mutt.org>	Scott Koranda <skoranda@gravity.phys.uwm.edu>
UPSTREAM 	<dev@mutt.org>	Sertaç Ö. Yıldız <unknown>
UPSTREAM 	<dev@mutt.org>	Seth Arnold <seth.arnold@suse.de>
UPSTREAM 	<dev@mutt.org>	Seth Forshee <seth@forshee.me>
UPSTREAM 	<dev@mutt.org>	Simon Ruderich <simon@ruderich.org>
UPSTREAM 	<dev@mutt.org>	Stefan Kuhn <wuodan@hispeed.ch>
UPSTREAM 	<dev@mutt.org>	Stefan Strogin <stefan.strogin@gmail.com>
UPSTREAM 	<dev@mutt.org>	Steve Kemp <skx@debian.org>
UPSTREAM 	<dev@mutt.org>	Steve Kennedy <steve-md@gbnet.net>
UPSTREAM 	<dev@mutt.org>	TAKAHASHI Tamotsu <arms405@jade.dti.ne.jp>
UPSTREAM 	<dev@mutt.org>	TAKAHASHI Tamotsu <tamo@momonga-linux.org>
UPSTREAM 	<dev@mutt.org>	TAKAHASHI Tamotsu <ttakah@lapis.plala.or.jp>
UPSTREAM 	<dev@mutt.org>	Takahashi Tamotsu <ttakah@lapis.plala.or.jp>
UPSTREAM 	<dev@mutt.org>	Takashi TAKIZAWA <taki@cyber.email.ne.jp>
UPSTREAM 	<dev@mutt.org>	Takashi Takizawa <taki@luna.email.ne.jp>
UPSTREAM 	<dev@mutt.org>	TAKIZAWA Takashi <taki@luna.email.ne.jp>
UPSTREAM 	<dev@mutt.org>	Tamotsu TAKAHASHI <ttakah@gmail.com>
UPSTREAM 	<dev@mutt.org>	Tamotsu TAKAHASHI <ttakah@lapis.plala.or.jp>
UPSTREAM 	<dev@mutt.org>	Tamotsu Takahashi <ttakah@lapis.plala.or.jp>
UPSTREAM 	<dev@mutt.org>	ta_panta_rei <7vvtch802@sneakemail.com>
UPSTREAM 	<dev@mutt.org>	Thomas Glanzmann <sithglan@stud.uni-erlangen.de>
UPSTREAM 	<dev@mutt.org>	Thomas Roessler <roessler@does-not-exist.org>
UPSTREAM 	<dev@mutt.org>	Thomas Wiegner <wiegner@gmx.de>
UPSTREAM 	<dev@mutt.org>	Tim Stoakes <tim@stoakes.net>
UPSTREAM 	<dev@mutt.org>	Todd Zullinger <tmz@pobox.com>
UPSTREAM 	<dev@mutt.org>	Tomas Hoger <thoger@redhat.com>
UPSTREAM 	<dev@mutt.org>	Tommi Komulainen <tommi.komulainen@iki.fi>
UPSTREAM 	<dev@mutt.org>	Tomokazu Yonetani <qhwt+mutt@les.ath.cx>
UPSTREAM 	<dev@mutt.org>	Tony Leneis <tony@cvr.ds.adp.com>
UPSTREAM 	<dev@mutt.org>	Toomas Soome <Toomas.Soome@microlink.ee>
UPSTREAM 	<dev@mutt.org>	Toomas Soome <tsoome@muhv.pri.ee>
UPSTREAM 	<dev@mutt.org>	Unknown <andreas.amann@tyndall.ie>
UPSTREAM 	<dev@mutt.org>	Unknown <bat.guano@don.blech.e4ward.com>
UPSTREAM 	<dev@mutt.org>	Unknown <ckillian@cs.ucsd.edu>
UPSTREAM 	<dev@mutt.org>	Unknown <cypher@conuropsis.org>
UPSTREAM 	<dev@mutt.org>	Unknown <duvall@emufarm.org>
UPSTREAM 	<dev@mutt.org>	Unknown <esr@thyrsus.com>
UPSTREAM 	<dev@mutt.org>	Unknown <exg@gentoo.org>
UPSTREAM 	<dev@mutt.org>	Unknown <g1pi@libero.it>
UPSTREAM 	<dev@mutt.org>	Unknown <hhorak@redhat.com>
UPSTREAM 	<dev@mutt.org>	Unknown <is@netbsd.org>
UPSTREAM 	<dev@mutt.org>	Unknown <jesus.climent@hispalinux.es>
UPSTREAM 	<dev@mutt.org>	Unknown <john.beck@oracle.com>
UPSTREAM 	<dev@mutt.org>	Unknown <kees@outflux.net>
UPSTREAM 	<dev@mutt.org>	Unknown <ludwig@fh-worms.de>
UPSTREAM 	<dev@mutt.org>	Unknown <marcel@telka.sk>
UPSTREAM 	<dev@mutt.org>	Unknown <me@sigpipe.org>
UPSTREAM 	<dev@mutt.org>	Unknown <Moritz.Schulte@ruhr-uni-bochum.de>
UPSTREAM 	<dev@mutt.org>	Unknown <nihilhill@gmail.com>
UPSTREAM 	<dev@mutt.org>	Unknown <peb@mppmu.mpg.de>
UPSTREAM 	<dev@mutt.org>	Unknown <ph04169@cc.uoi.gr>
UPSTREAM 	<dev@mutt.org>	Unknown <pywatson@gmail.com>
UPSTREAM 	<dev@mutt.org>	Unknown <rea-mutt@codelabs.ru>
UPSTREAM 	<dev@mutt.org>	Unknown <rich.burridge@oracle.com>
UPSTREAM 	<dev@mutt.org>	Unknown <rtc@gmx.de>
UPSTREAM 	<dev@mutt.org>	Unknown <Zardoz@users.sourceforge.net>
UPSTREAM 	<dev@mutt.org>	Urs Janßen <urs@tin.org>
UPSTREAM 	<dev@mutt.org>	Velko Hristov <hristov@informatik.hu-berlin.de>
UPSTREAM 	<dev@mutt.org>	Vincent Lefevre <vincent@vinc17.net>
UPSTREAM 	<dev@mutt.org>	Vincent Lefevre <vincent@vinc17.org>
UPSTREAM 	<dev@mutt.org>	Vladimir Marek <vladimir.marek@sun.com>
UPSTREAM 	<dev@mutt.org>	Vsevolod Volkov <vvv@mutt.org.ua>
UPSTREAM 	<dev@mutt.org>	Werner Koch <wk@gnupg.org>
UPSTREAM 	<dev@mutt.org>	Wilfried Goesgens <dothebart@uncensored.citadel.org>
UPSTREAM 	<dev@mutt.org>	Will Fiveash <will.fiveash@oracle.com>
UPSTREAM 	<dev@mutt.org>	Will Fiveash <Will.Fiveash@Sun.COM>
UPSTREAM 	<dev@mutt.org>	Will Fiveash <william.fiveash@sun.com>
UPSTREAM 	<dev@mutt.org>	Wouter Verheijen <wv@xs2mail.com>
UPSTREAM 	<dev@mutt.org>	Yasuhiro Matsumoto <mattn_jp@hotmail.com>
UPSTREAM 	<dev@mutt.org>	YONETANI Tomokazu <qhwt+mutt@les.ath.cx>
