## NeoMutt Contributors - auto-generated: https://github.com/neomutt/management/tree/master/git
Страхиња Радић <contact@strahinja.org>	Страхиња Радић <contact@strahinja.org>
наб <nabijaczleweli@nabijaczleweli.xyz>	наб <nabijaczleweli@gmail.com>
наб <nabijaczleweli@nabijaczleweli.xyz>	наб <nabijaczleweli@nabijaczleweli.xyz>
Adam Borowski <kilobyte@angband.pl>	Adam Borowski <kilobyte@angband.pl>
Aditya De Saha <adityadesaha@gmail.com>	Aditya De Saha <adityadesaha@gmail.com>
Adán Somoza <adansomoza@outlook.com>	Adán Somoza <adansomoza@outlook.com>
Adán Somoza <adansomoza@outlook.com>	DarkAdin <adansomoza@outlook.com>
Ahmed El Gabri <ahmed@gabri.me>	Ahmed El Gabri <ahmed@gabri.me>
Ahmed El Gabri <ahmed@gabri.me>	Ahmed El Gabri <ahmed+github@gabri.me>
Alad Wenter <AladW@users.noreply.github.com>	Alad Wenter <AladW@users.noreply.github.com>
Aleksa Sarai <cyphar@cyphar.com>	Aleksa Sarai <cyphar@cyphar.com>
Alex Pearce <alex@alexpearce.me>	Alex Pearce <alex@alexpearce.me>
Alexander Kuleshov <kuleshovmail@gmail.com>	Alexander Kuleshov <kuleshovmail@gmail.com>
Alexandre Simon <as@as-home.fr>	Alexandre SIMON <as@as-home.fr>
Alexandre Simon <as@as-home.fr>	Alexandre Simon <as@as-home.fr>
Alexey Vishnyakov <vishnya@ispras.ru>	Alexey Vishnyakov <vishnya@ispras.ru>
Allan Nordhøy <epost@anotheragency.no>	Allan Nordhøy <epost@anotheragency.no>
Alvaro Herrera <alvherre@alvh.no-ip.org>	Alvaro Herrera <alvherre@alvh.no-ip.org>
Alyssa Ross <hi@alyssa.is>	Alyssa Ross <hi@alyssa.is>
André Berger <ab@andreberger.eu>	ab <Andre Berger andre.berger@web.de>
André Berger <ab@andreberger.eu>	André Berger <ab@andreberger.eu>
André Berger <ab@andreberger.eu>	André Berger <andre.berger@web.de>
Andreas Rammhold <andreas@rammhold.de>	Andreas Rammhold <andreas@rammhold.de>
Andres Freund <andres@anarazel.de>	Andres Freund <andres@anarazel.de>
Antoine Amarilli <a3nm@a3nm.net>	Antoine Amarilli <a3nm@a3nm.net>
Antoine Beaupré <anarcat@debian.org>	anarcat <anarcat@users.noreply.github.com>
Antoine Beaupré <anarcat@debian.org>	Antoine Beaupré <anarcat@debian.org>
Anton Rieger <seishinryohosha@jikken.de>	Anton Rieger <seishinryohosha@jikken.de>
Anton Rieger <seishinryohosha@jikken.de>	seishinryohosha <seishinryohosha@users.noreply.github.com>
Antonio Radici <antonio@dyne.org>	Antonio Radici <antonio@dyne.org>
Antonio Radici <antonio@dyne.org>	Unknown <antonio@dyne.org>
Ashish Panigrahi <ashish.panigrahi@protonmail.com>	Ashish Panigrahi <ashish.panigrahi@protonmail.com>
Austin Ray <austin@austinray.io>	Austin Ray <austin@austinray.io>
Austin Ray <austin@austinray.io>	Austin Ray <austin.duke.ray@gmail.com>
Benjamin Mako Hill <mako@atdot.cc>	Benjamin Mako Hill <mako@atdot.cc>
Bernard Pratz <guyzmo+github+pub@m0g.net>	Bernard 'Guyzmo' Pratz <guyzmo+github+pub@m0g.net>
Bernard Pratz <guyzmo+github+pub@m0g.net>	Bernard Pratz <guyzmo+github+pub@m0g.net>
Bernard Pratz <guyzmo+github+pub@m0g.net>	Guyzmo <guyzmo+github+pub@m0g.net>
Bernard Pratz <guyzmo+github+pub@m0g.net>	guyzmo <guyzmo+github+pub@m0g.net>
Bertram Scharpf <software@bertram-scharpf.de>	Bertram Scharpf <software@bertram-scharpf.de>
Björn Ketelaars <bjorn.ketelaars@hydroxide.nl>	Björn Ketelaars <bjorn.ketelaars@hydroxide.nl>
Bletchley Park <18015852+libBletchley@users.noreply.github.com>	Bletchley Park <18015852+libBletchley@users.noreply.github.com>
Bo Yu <tsu.yubo@gmail.com>	Bo <tsu.yubo@gmail.com>
Bo Yu <tsu.yubo@gmail.com>	Bo Yu <tsu.yubo@gmail.com>
Bo Yu <tsu.yubo@gmail.com>	Bo YU <yuzibode@126.com>
Brendan McLean <brendan.mclean@gmail.com>	bmclean2 <brendan.mclean@posteo.net>
Brendan McLean <brendan.mclean@gmail.com>	Brendan McLean <brendan.mclean@gmail.com>
Bryan Bennett <bbenne10@gmail.com>	Bryan Bennett <bbenne10@gmail.com>
Casper Ti Vector <CasperVector@gmail.com>	Casper Ti Vector <CasperVector@gmail.com>
Casper Ti Vector <CasperVector@gmail.com>	Casper Ti. Vector <CasperVector@gmail.com>
Charlie Drage <charlie@charliedrage.com>	Charlie Drage <charlie@charliedrage.com>
Chris Czettel <chris@christopher-czettel.net>	Chris Czettel <chris@christopher-czettel.net>
Chris Czettel <chris@christopher-czettel.net>	chrissl <chris@christopher-czettel.net>
Chris Czettel <chris@christopher-czettel.net>	Christopher John CZETTEL <chris@christopher-czettel.net>
Chris Salzberg <chris@dejimata.com>	Chris Salzberg <chris@dejimata.com>
Chris Salzberg <chris@dejimata.com>	Chris Salzberg <csalzberg@degica.com>
Christian Dröge <mail@cdroege.de>	Christian Dröge <mail@cdroege.de>
Christian Ludwig <ludwig@ma.tum.de>	Christian Ludwig <ludwig@ma.tum.de>
Christian Storm <storm@mailbox.org>	Christian Storm <storm@mailbox.org>
Christoph Berg <cb@df7cb.de>	Christoph Berg <cb@df7cb.de>
Christos Margiolis <christos@margiolis.net>	Christos Margiolis <christos@christosmarg.xyz>
Christos Margiolis <christos@margiolis.net>	Christos Margiolis <christos@margiolis.net>
cinder88 <aerlanger@owlcti.com>	ate <aerlanger@owlcti.com>
cinder88 <aerlanger@owlcti.com>	cinder88 <aerlanger@owlcti.com>
Clemens Lang <neverpanic@gmail.com>	Clemens Lang <neverpanic@gmail.com>
Dai Mochinaga <mochidai@gmail.com>	Dai Mochinaga <mochidai@gmail.com>
Dai Mochinaga <mochidai@gmail.com>	mochidai <mochidai@gmail.com>
Damien Riegel <damien.riegel@gmail.com>	Damien R <d-k-c@users.noreply.github.com>
Damien Riegel <damien.riegel@gmail.com>	Damien Riegel <damien.riegel@gmail.com>
Damien Riegel <damien.riegel@gmail.com>	Damien Riegel <damien@riegel.io>
Damien Riegel <damien.riegel@gmail.com>	Damien Riegel <damien.riegel@savoirfairelinux.com>
Daniel Gray <dng@disroot.org>	Daniel Gray <dng@disroot.org>
Daniel Maslowski <info@orangecms.org>	Daniel Maslowski <info@orangecms.org>
Dapeng Gao <peter@dpgao.cc>	Dapeng Gao <31944689+dpgao@users.noreply.github.com>
Dapeng Gao <peter@dpgao.cc>	Dapeng Gao <peter@dpgao.cc>
Darren Kenny <darren.kenny@oracle.com>	Darren Kenny <darren.kenny@oracle.com>
Darshit Shah <git@darnir.net>	Darshit Shah <darnir@gmail.com>
Darshit Shah <git@darnir.net>	Darshit Shah <darnir@users.noreply.github.com>
Darshit Shah <git@darnir.net>	Darshit Shah <git@darnir.net>
David Harrigan <dharrigan@gmail.com>	David Harrigan <dharrigan@gmail.com>
David Sterba <dsterba@suse.cz>	David Sterba <dsterba@suse.com>
David Sterba <dsterba@suse.cz>	David Sterba <dsterba@suse.cz>
Deng Xiyue <manphiz@gmail.com>	Deng Xiyue <manphiz@gmail.com>
Dimitrios Semitsoglou-Tsiapos <kmhzsem@gmx.com>	Dimitrios Semitsoglou-Tsiapos <kmhzsem@gmx.com>
Doron Behar <doron.behar@gmail.com>	Doron Behar <doron.behar@gmail.com>
Doug Stone-Weaver <doug@stone-weaver.com>	Doug Stone-Weaver <doug@stone-weaver.com>
Eduardo Habkost <ehabkost@redhat.com>	Eduardo Habkost <ehabkost@redhat.com>
Edward Betts <edward@4angle.com>	Edward Betts <edward@4angle.com>
El Acheche ANIS <elacheche@ubuntu.com>	El Acheche ANIS <elacheche@ubuntu.com>
Eli Winderickx <eli.winderickx@ap.be>	Eli Winderickx <eli.winderickx@ap.be>
Eli Winderickx <eli.winderickx@ap.be>	Winderickx Eli (p087068) <eli.winderickx@ap.be>
Elimar Riesebieter <riesebie@lxtec.de>	Elimar Riesebieter <riesebie@lxtec.de>
Enno Nagel <Konfekt@users.noreply.github.com>	Enno <Konfekt@users.noreply.github.com>
Enno Nagel <Konfekt@users.noreply.github.com>	Enno Nagel <Konfekt@users.noreply.github.com>
Eric Blake <eblake@redhat.com>	Eric Blake <eblake@redhat.com>
Fabian Groffen <grobian@gentoo.org>	Fabian Groffen <grobian@gentoo.org>
Fabian Groffen <grobian@gentoo.org>	Fabian Groffen <grobian@orakel.ods.org>
Fabrice Bellet <fabrice@bellet.info>	Fabrice Bellet <fabrice@bellet.info>
Federico Kircheis <federico.kircheis@gmail.com>	Federico Kircheis <federico.kircheis@gmail.com>
Federico Kircheis <federico.kircheis@gmail.com>	fekir <federico.kircheis@gmail.com>
Florian Klink <flokli@flokli.de>	Florian Klink <flokli@flokli.de>
Florian Wehner <florian@whnr.de>	Florian Wehner <florian@whnr.de>
Floyd Anderson <f.a@31c0.net>	Floyd Anderson <f.a@31c0.net>
František Hájik <ferko.hajik@gmail.com>	František Hájik <ferko.hajik@gmail.com>
Frederick Eaton <frederik@ofb.net>	Frederick Eaton <frederik@ofb.net>
Freed-Wu <wuzy01@qq.com>	Freed-Wu <wuzy01@qq.com>
Freed-Wu <wuzy01@qq.com>	wzy <32936898+Freed-Wu@users.noreply.github.com>
ftilde <ftilde@tamepointer.de>	ftilde <ftilde@protonmail.com>
ftilde <ftilde@tamepointer.de>	ftilde <ftilde@tamepointer.de>
Gaël Dubois <chti.gdb@gmail.com>	Gaël Dubois <chti.gdb@gmail.com>
Gerrit Rüsing <gerrit@macclub-os.de>	Gerrit Rüsing <gerrit@macclub-os.de>
Gerrit Rüsing <gerrit@macclub-os.de>	Gerrit <ruesing@posteo.de>
Guillaume Brogi <gui-gui@netcourrier.com>	Guillaume Brogi <gui-gui@netcourrier.com>
Guillaume Brogi <gui-gui@netcourrier.com>	guiniol <gui-gui@netcourrier.com>
Hugo Barrera <hugo@barrera.io>	Hugo Barrera <hugo@barrera.io>
Hugo Barrera <hugo@barrera.io>	Hugo Osvaldo Barrera <hugo@barrera.io>
Ian Zimmerman <itz@no-use.mooo.com>	Ian Zimmerman <itz@no-use.mooo.com>
Ian Zimmerman <itz@no-use.mooo.com>	Ian Zimmerman <itz@primate.net>
Ian Zimmerman <itz@no-use.mooo.com>	Ian Zimmerman <itz@very.loosely.org>
Ian Zimmerman <itz@no-use.mooo.com>	Ian Zimmerman <nobrowser@users.noreply.github.com>
Ihor Antonov <ihor@antonovs.family>	Ihor Antonov <ihor@antonovs.family>
Ismaël Bouya <ismael.bouya@normalesup.org>	Ismaël Bouya <ismael.bouya@normalesup.org>
Ivan J <parazyd@dyne.org>	Ivan J <parazyd@dyne.org>
Ivan Shmakov <ivan@siamics.net>	Ivan Shmakov <ivan@siamics.net>
Ivan Tham <pickfire@riseup.net>	Ivan Tham <pickfire@riseup.net>
J Lewis Muir <jlmuir@imca-cat.org>	J Lewis Muir <jlmuir@imca-cat.org>
J Lewis Muir <jlmuir@imca-cat.org>	J. Lewis Muir <jlmuir@imca-cat.org>
Jack Stratton <jack@phroa.net>	Jack Stratton <jack@phroa.net>
Jakub Jindra <jakub.jindra@socialbakers.com>	Jakub Jindra <jakub.jindra@socialbakers.com>
Jakub Jindra <jakub.jindra@socialbakers.com>	Jakub Jindra <jindraj@users.noreply.github.com>
Jakub Jindra <jakub.jindra@socialbakers.com>	Jakub Jindra <jakub.jindra@socialbakers.com>
Jakub Wilk <jwilk@jwilk.net>	Jakub Wilk <jwilk@jwilk.net>
James Vaughan <james@jamesbvaughan.com>	James Vaughan <james@jamesbvaughan.com>
Jangho Seo <jangho@jangho.io>	Jangho Seo <jangho@jangho.io>
Jasper Adriaanse <jasper@humppa.nl>	Jasper Adriaanse <jasper@humppa.nl>
Jasper Adriaanse <jasper@humppa.nl>	Jasper Lievisse Adriaanse <jasper@humppa.nl>
Jelle van der Waa <jelle@vdwaa.nl>	Jelle van der Waa <jelle@vdwaa.nl>
Jenya Sovetkin <e.sovetkin@gmail.com>	Jenya Sovetkin <e.sovetkin@gmail.com>
JerikoOne <jeriko.one@gmx.us>	JerikoOne <jeriko.one@gmx.us>
Joey Pabalinas <joeypabalinas@gmail.com>	Joey Pabalinas <joeypabalinas@gmail.com>
Johannes Frankenau <johannes@frankenau.net>	Johannes Frankenau <johannes@frankenau.net>
Johannes Weißl <jargon@molb.org>	Johannes Weißl <jargon@molb.org>
Jonas Witschel <diabonas@gmx.de>	Jonas Witschel <diabonas@gmx.de>
Jonathan Perkin <jperkin@netbsd.org>	Jonathan Perkin <jperkin@netbsd.org>
Joseph Bisch <joseph.bisch@gmail.com>	Joseph Bisch <joseph.bisch@gmail.com>
Josh Poimboeuf <jpoimboe@redhat.com>	Josh Poimboeuf <jpoimboe@redhat.com>
Joshua Jordi <dracogoyle@gmail.com>	Jakkin <dracogoyle@gmail.com>
Joshua Jordi <dracogoyle@gmail.com>	Joshua Jordi <dracogoyle@gmail.com>
Joshua Jordi <dracogoyle@gmail.com>	Joshua Jordi <JakkinStewart@users.noreply.github.com>
Julian Andres Klode <jak@jak-linux.org>	Julian Andres Klode <jak@jak-linux.org>
Justin Vasel <justin.vasel@gmail.com>	Justin Vasel <justin.vasel@gmail.com>
Karel Zak <kzak@redhat.com>	Karel Zak <kzak@redhat.com>
Kevin Decherf <kevin@kdecherf.com>	Kevin Decherf <kevin@kdecherf.com>
Kevin Velghe <kevin@paretje.be>	Kevin Velghe <kevin@paretje.be>
Larry Rosenman <larryrtx@gmail.com>	Larry Rosenman <larryrtx@gmail.com>
Lars Haalck <l_haal02@uni-muenster.de>	Lars Haalck <l_haal02@uni-muenster.de>
Lars Kellogg-Stedman <lars@oddbit.com>	Lars Kellogg-Stedman <lars@oddbit.com>
Leo Lundgren <leo@finalresort.org>	Leo Lundgren <leo@finalresort.org>
Leo Lundgren <leo@finalresort.org>	Leo R. Lundgren <leo@finalresort.org>
Leo Lundgren <leo@finalresort.org>	rawtaz <rawtaz@users.noreply.github.com>
Leonardo Schenkel <leonardo@schenkel.net>	Leonardo Brondani Schenkel <leonardo@schenkel.net>
Leonardo Schenkel <leonardo@schenkel.net>	Leonardo Schenkel <leonardo@schenkel.net>
Leonidas Spyropoulos <artafinde@gmail.com>	Leonidas Spyropoulos <artafinde@gmail.com>
Louis Brauer <louis@openbooking.ch>	Louis Brauer <louis@openbooking.ch>
Lucas Bourneuf <lucas.bourneuf@laposte.net>	Aluriak <lucas.bourneuf@laposte.net>
Lucas Bourneuf <lucas.bourneuf@laposte.net>	Lucas Bourneuf <lucas.bourneuf@laposte.net>
Manos Pitsidianakis <el13635@mail.ntua.gr>	Manos Pitsidianakis <el13635@mail.ntua.gr>
Marcin Rajner <mrajner@gik.pw.edu.pl>	Marcin Rajner lenovo <mrajner@gik.pw.edu.pl>
Marcin Rajner <mrajner@gik.pw.edu.pl>	Marcin Rajner <mrajner@chalmers>
Marcin Rajner <mrajner@gik.pw.edu.pl>	Marcin Rajner <mrajner@gik.pw.edu.pl>
Marcin Rajner <mrajner@gik.pw.edu.pl>	Marcin Rajner <mrajner@lenovo>
Marcin Rajner <mrajner@gik.pw.edu.pl>	Marcin Rajner <mrajner@lenovoarch>
Marcin Rajner <mrajner@gik.pw.edu.pl>	Marcin Rajner <mrajner@pwarch>
Marco Hinz <mh.codebro@gmail.com>	Marco Hinz <mh.codebro@gmail.com>
Marco Sirabella <marco@sirabella.org>	Marco Sirabella <marco@sirabella.org>
Marius Gedminas <marius@gedmin.as>	Marius Gedminas <marius@gedmin.as>
Mark Stenglein <mark@stengle.in>	Mark Stenglein <mark@stengle.in>
Mateusz Okulus <mmokulus@gmail.com>	Mateusz Okulus <mmokulus@gmail.com>
Mateusz Piotrowski <mpp302@gmail.com>	Mateusz Piotrowski <mpp302@gmail.com>
Matthew Hughes <matthewhughes934@gmail.com>	Matthew Hughes <matthewhughes934@gmail.com>
Mehdi Abaakouk <sileht@sileht.net>	Mehdi ABAAKOUK <sileht@sileht.net>
Mehdi Abaakouk <sileht@sileht.net>	Mehdi Abaakouk <sileht@sileht.net>
Michael Bazzinotti <mbazzinotti@gmail.com>	Michael Bazzinotti <mbazzinotti@gmail.com>
Michael Bazzinotti <mbazzinotti@gmail.com>	Michael J. Bazzinotti <mbazzinotti@gmail.com>
Michael Constantine Dimopoulos <mk@mcdim.xyz>	Michael Constantine Dimopoulos <31562759+MichaelDim02@users.noreply.github.com>
Michael Constantine Dimopoulos <mk@mcdim.xyz>	Michael Constantine Dimopoulos <mk@mcdim.xyz>
Mingcong Bai <jeffbai@aosc.xyz>	Mingcong Bai <jeffbai@aosc.xyz>
Nagefire <nagefire.dev@gmail.com>	Nagefire <nagefire.dev@gmail.com>
Naveen Nathan <naveen@lastninja.net>	Naveen Nathan <naveen@lastninja.net>
ng0 <ng0@n0.is>	ng0 <ng0@infotropique.org>
ng0 <ng0@n0.is>	ng0 <ng0@n0.is>
Nicholas Steeves <nsteeves@gmail.com>	Nicholas D Steeves <nsteeves@gmail.com>
Nicholas Steeves <nsteeves@gmail.com>	Nicholas Steeves <nsteeves@gmail.com>
Nicholas Wieland <ngw@nofeed.org>	Nicholas Wieland <ngw@nofeed.org>
Nicolas Bock <nicolasbock@gmail.com>	Nicolas Bock <nicolasbock@gmail.com>
Pablo Ovelleiro Corral <pablo1@mailbox.org>	Pablo Ovelleiro Corral <pablo1@mailbox.org>
parazyd <parazyd@dyne.org>	Ivan J <parazyd@users.noreply.github.com>
parazyd <parazyd@dyne.org>	parazyd <parazyd@dyne.org>
Perry Thompson <contact@ryper.org>	Perry Thompson <contact@ryper.org>
Peter Hogg <pm@pig-monkey.com>	Peter Hogg <pm@pig-monkey.com>
Peter Hogg <pm@pig-monkey.com>	Pig Monkey <pm@pig-monkey.com>
Peter Lewis <pete@muddygoat.org>	Peter Lewis <pete@muddygoat.org>
Phil Pennock <phil@pennock-tech.com>	Phil Pennock <phil@pennock-tech.com>
Pierre-Elliott Bécue <becue@crans.org>	Pierre-Elliott Bécue <becue@crans.org>
Pierre-Elliott Bécue <becue@crans.org>	Pierre-Elliott Bécue <P-EB@users.noreply.github.com>
Pietro Cerutti <gahr@gahr.ch>	Pietro Ceruti <gahr@gahr.ch>
Pietro Cerutti <gahr@gahr.ch>	Pietro Cerutti <gahr@gahr.ch>
R Primus <rprimus@gmail.com>	R Primus <rprimus@gmail.com>
r3lgar <r3lgar@openmailbox.org>	r3lgar <r3lgar@openmailbox.org>
r3lgar <r3lgar@openmailbox.org>	r3lgar <r3lgar@users.noreply.github.com>
Rahul Gopinath <rahul@gopinath.org>	Rahul Gopinath <rahul@gopinath.org>
Regid Ichira <regid23@nt1.in>	Regid Ichira <regid23@nt1.in>
Reis Radomil <reisradomil@fake-box.com>	Reis Radomil <reisradomil@fake-box.com>
Reto Brunner <reto@labrat.space>	Reto Brunner <reto@labrat.space>
Reto Brunner <reto@labrat.space>	Reto <reto@labrat.space>
Riad Wahby <kwantam@gmail.com>	Riad S. Wahby <kwantam@gmail.com>
Riad Wahby <kwantam@gmail.com>	Riad Wahby <kwantam@gmail.com>
Richard Hartmann <RichiH@users.noreply.github.com>	Richard Hartmann <RichiH@users.noreply.github.com>
Richard Russon <rich@flatcap.org>	Richard Russon (DEPLOY) <rich@flatcap.org>
Richard Russon <rich@flatcap.org>	Richard Russon <rich@flatcap.org>
Roger Pau Monne <roger.pau@citrix.com>	Roger Pau Monne <roger.pau@citrix.com>
Romeu Vieira <romeu.bizz@gmail.com>	Romeu Vieira <romeu.bizz@gmail.com>
Ronan Arraes Jardim Chagas <ronisbr@gmail.com>	Ronan Arraes Jardim Chagas <ronisbr@gmail.com>
Rubén Llorente <rubenllorente@startmail.com>	Rubén Llorente <rubenllorente@startmail.com>
Ryan Kavanagh <rak@rak.ac>	Ryan Kavanagh <rak@rak.ac>
ryt <0x747972@gmail.com>	ryt <0x747972@gmail.com>
Santiago Torres <torresariass@gmail.com>	Santiago Torres <torresariass@gmail.com>
Scott Kostyshak <scott.kostyshak@gmail.com>	Scott Kostyshak <scott.kostyshak@gmail.com>
Sebastian Stark <sstark@mailbox.org>	Sebastian Stark <sstark@mailbox.org>
Serge Gebhardt <serge.gebhardt@gmail.com>	Serge Gebhardt <serge.gebhardt@gmail.com>
Sergey Alirzaev <zl29ah@gmail.com>	Sergey Alirzaev <zl29ah@gmail.com>
Shane Donohoe <donohoe.shane@gmail.com>	Shane Donohoe <donohoe.shane@gmail.com>
Shane Donohoe <donohoe.shane@gmail.com>	sharktamer <sharktamer@users.noreply.github.com>
Sheoak <sheoak@users.noreply.github.com>	Sheoak <sheoak@users.noreply.github.com>
Shi Lee <rtlanceroad@gmail.com>	rtlanceroad <rtlanceroad@gmail.com>
Shi Lee <rtlanceroad@gmail.com>	Shi Lee <rtlanceroad@gmail.com>
Simon Reichel <simms1@web.de>	Simon Reichel <simms1@web.de>
Simon Symeonidis <lethaljellybean@gmail.com>	Simon Symeonidis <lethaljellybean@gmail.com>
somini <dev@somini.xyz>	somini <dev@somini.xyz>
somini <dev@somini.xyz>	somini <somini29@yandex.com>
somini <dev@somini.xyz>	somini <somini@users.noreply.github.com>
Stefan Assmann <sassmann@kpanic.de>	sassmann <sassmann@users.noreply.github.com>
Stefan Assmann <sassmann@kpanic.de>	Stefan Assmann <sassmann@kpanic.de>
Stefan Assmann <sassmann@kpanic.de>	Stefan Assmann <sassmann@redhat.com>
Stefan Bühler <stbuehler@web.de>	Stefan Bühler <stbuehler@web.de>
Stefan Kropp <stefan@debxwoody.de>	DebXWoody <stefan@debxwoody.de>
Stefan Kropp <stefan@debxwoody.de>	Stefan <32964719+DebXWoody@users.noreply.github.com>
Stefan Kropp <stefan@debxwoody.de>	Stefan Kropp <stefan@debxwoody.de>
Stefano Zacchiroli <zack@upsilon.cc>	Stefano Zacchiroli <zack@upsilon.cc>
Stephen Gilles <sgilles@math.umd.edu>	S. Gilles <sgilles@math.umd.edu>
Stephen Gilles <sgilles@math.umd.edu>	Stephen Gilles <sgilles@math.umd.edu>
Steven Ragnarök <steven@nuclearsandwich.com>	Steven Ragnarök <steven@nuclearsandwich.com>
Steven Ragnarök <steven@nuclearsandwich.com>	Steven! Ragnarök <steven@nuclearsandwich.com>
Stig Palmquist <stig@stig.io>	Stig Palmquist <stig@stig.io>
Stéphane Lesimple <speed47_github@speed47.net>	Stéphane Lesimple <speed47_github@speed47.net>
Stuart Henderson <stu-github@spacehopper.org>	Stuart Henderson <sthen@users.noreply.github.com>
Stuart Henderson <stu-github@spacehopper.org>	Stuart Henderson <stu-github@spacehopper.org>
telshock <telshock@users.noreply.github.com>	telshock <telshock@users.noreply.github.com>
Theo Jepsen <theojepsen@gmail.com>	Theo Jepsen <theojepsen@gmail.com>
Theo Jepsen <theojepsen@gmail.com>	Theo <theojepsen@g-m-a-i-l-dotcom>
Thiago Costa de Paiva <tecepe@tecepe.eng.br>	tecepe <tecepe@tecepe.eng.br>
Thiago Costa de Paiva <tecepe@tecepe.eng.br>	tecepe <tecepe@users.noreply.github.com>
Thiago Costa de Paiva <tecepe@tecepe.eng.br>	Thiago Costa de Paiva <tcpaiva@cern.ch>
Thiago Costa de Paiva <tecepe@tecepe.eng.br>	Thiago Costa de Paiva <tcpaiva@users.noreply.github.com>
Thiago Costa de Paiva <tecepe@tecepe.eng.br>	Thiago Costa de Paiva <tecepe@tecepe.eng.br>
Thomas Adam <thomas@xteddy.org>	Thomas Adam <thomas@xteddy.org>
Thomas Jarosch <thomas.jarosch@intra2net.com>	Thomas Jarosch <thomas.jarosch@intra2net.com>
Thomas Klausner <wiz@netbsd.org>	Thomas Klausner <wiz@netbsd.org>
Thomas Sanchez <thomas.sanchz@gmail.com>	Thomas Sanchez <thomas.sanchz@gmail.com>
Thomas Schneider <qsx@qsx.re>	Thomas Schneider <qsx@qsx.re>
Tim Biermann <tbier@posteo.de>	Tim Biermann <tbier@posteo.de>
Timmy Xiao <timmyxiao1@gmail.com>	Timmy Xiao <timmyxiao1@gmail.com>
Tino Reichardt <github@mcmilk.de>	Tino Reichardt <github@mcmilk.de>
Tino Reichardt <github@mcmilk.de>	Tino Reichardt <milky-neomutt@mcmilk.de>
Tobias Angele <toogley@mailbox.org>	Tobias Angele <toogley@mailbox.org>
Tobias Angele <toogley@mailbox.org>	toogley <9417950+toogley@users.noreply.github.com>
Tobias Angele <toogley@mailbox.org>	toogley <toogley@mailbox.org>
Tobias Stoeckmann <tobias@stoeckmann.org>	Tobias Stoeckmann <tobias@stoeckmann.org>
Udo Schweigert <mutt@cert.siemens.de>	Udo Schweigert <mutt@cert.siemens.de>
Valeri Sergeev <valsy@mail.ru>	Valeri Sergeev <valsy@mail.ru>
Valeri Sergeev <valsy@mail.ru>	Valeri Y.Sergeev <valsy@mail.ru>
Victor Fernandes <criw@pm.me>	Victor Fernandes <criw@pm.me>
Viktor Cheburkin <victor.cheburkin@gmail.com>	Viktor Cheburkin <victor.cheburkin@gmail.com>
Vladimir Zakharov <zakharov.vv@gmail.com>	Vladimir Zakharov <zakharov.vv@gmail.com>
Werner Fink <werner@suse.de>	Werner Fink <werner@suse.de>
Wieland Hoffmann <themineo@gmail.com>	Wieland Hoffmann <mineo@users.noreply.github.com>
Wieland Hoffmann <themineo@gmail.com>	Wieland Hoffmann <themineo@gmail.com>
Will Curry <will@robotican.org>	Will Curry <will@robotican.org>
William Pettersson <william.pettersson@gmail.com>	William Pettersson <william.pettersson+github@gmail.com>
William Pettersson <william.pettersson@gmail.com>	William Pettersson <william.pettersson@gmail.com>
x3nb63 <25959223+x3nb63@users.noreply.github.com>	x3nb63 <25959223+x3nb63@users.noreply.github.com>
Yoshiki Vázquez Baeza <yoshiki89@gmail.com>	Yoshiki Vázquez Baeza <yoshiki89@gmail.com>
Yousef Akbar <yousef@yhakbar.com>	Yousef Akbar <yousef@yhakbar.com>
Yubin Ruan <ablacktshirt@gmail.com>	Yubin Ruan <ablacktshirt@gmail.com>
Zak D <60977989+zakarouf@users.noreply.github.com>	Zak D <60977989+zakarouf@users.noreply.github.com>
Zero King <l2dy@icloud.com>	Zero King <l2dy@icloud.com>
zsugabubus <zsugabubus@users.noreply.github.com>	zsugabubus <zsugabubus@users.noreply.github.com>
## Mutt Contributors - auto-generated: https://github.com/neomutt/management/tree/master/git
Aaron Lehmann <aaronl@vitelus.com>	Aaron Lehmann <aaronl@vitelus.com>
Aaron Schrab <aaron@schrab.com>	Aaron Schrab <aaron+mutt@schrab.com>
Aaron Schrab <aaron@schrab.com>	Aaron Schrab <aaron@schrab.com>
Adeodato Simó <asp16@alu.ua.es>	Adeodato Simó <asp16@alu.ua.es>
Adeodato Simó <asp16@alu.ua.es>	Adeodato Simó <dato@net.com.org.es>
Alain Bench <veronatif@free.fr>	Alain Bench <messtic@oreka.com>
Alain Bench <veronatif@free.fr>	Alain Bench <veronatif@free.fr>
Alain Penders <alain@finale-dev.com>	Alain Penders <alain@finale-dev.com>
Alexey Froloff <raorn@altlinux.org>	Alexey Froloff <raorn@altlinux.org>
Alexey Froloff <raorn@altlinux.org>	Alexey I. Froloff <raorn@altlinux.org>
Alexey Tourbin <at@altlinux.org>	Alexey Tourbin <at@altlinux.org>
Ambrose Li <a.c.li@ieee.org>	Ambrose Li <a.c.li@ieee.org>
Ammon Riley <ammon.riley@gmail.com>	Ammon Riley <ammon.riley@gmail.com>
Anatoly Vorobey <mellon@pobox.com>	Anatoly Vorobey <mellon@pobox.com>
Anders Helmersson <anders.helmersson.utsikt@wasadata.net>	Anders Helmersson <anders.helmersson@telia.com>
Anders Helmersson <anders.helmersson.utsikt@wasadata.net>	Anders Helmersson <anders.helmersson.utsikt@wasadata.net>
Andre Beck <beck@ibh.de>	Andre Beck <beck@ibh.de>
Andreas Amann <andreas.amann@tyndall.ie>	Andreas Amann <andreas.amann@tyndall.ie>
Andreas Amann <andreas.amann@tyndall.ie>	Unknown <andreas.amann@tyndall.ie>
Andreas Jaggi <unknown>	Andreas Jaggi <unknown>
Andreas Jobs <unknown>	Andreas Jobs <unknown>
Andrew Gaul <andrew@gaul.org>	Andrew Gaul <andrew@gaul.org>
Andrew Marks <amarks@red.ridge.amrx.net>	Andrew Marks <amarks@red.ridge.amrx.net>
Andrew Nosenko <awn@bcs.zp.ua>	Andrew Nosenko <awn@bcs.zp.ua>
Andrew Nosenko <awn@bcs.zp.ua>	Andrew W. Nosenko <awn@bcs.zp.ua>
Andrey Skvortsov <andrej.skvortzov@gmail.com>	Andrey Skvortsov <andrej.skvortzov@gmail.com>
Antoine Reilles <tonio@netbsd.org>	Antoine Reilles <tonio@netbsd.org>
Anton Lindqvist <anton@basename.se>	Anton Lindqvist <anton@basename.se>
Anton Lindqvist <anton@basename.se>	Anton Lindqvist <anton.lindqvist@gmail.com>
Armin Wolfermann <aw@osn.de>	Armin Wolfermann <aw@osn.de>
Aron Griffis <agriffis@n01se.net>	Aron Griffis <agriffis@n01se.net>
Athanasios Douitsis <aduitsis@gmail.com>	Athanasios Douitsis <aduitsis@gmail.com>
Benno Schulenberg <i18n@benno.vertaalt.nl>	Benno Schulenberg <i18n@benno.vertaalt.nl>
Bernd Ahlers <bernd@ba-net.org>	Bernd Ahlers <bernd@ba-net.org>
Bertram Felgenhauer <int-e@gmx.de>	Bertram Felgenhauer <int-e@gmx.de>
Bertrand Janin <tamentis@neopulsar.org>	Bertrand Janin <tamentis@neopulsar.org>
Bill Nottingham <notting@redhat.com>	Bill Nottingham <notting@redhat.com>
Bjoern Jacke <bjoern@j3e.de>	Bjoern Jacke <bjoern@j3e.de>
Bjoern Jacke <bjoern@j3e.de>	Bjoern Jacke <muttbug@j3e.de>
Brandon Long <blong@fiction.net>	Brandon Long <blong@fiction.net>
Brendan Cully <brendan@cully.org>	Brendan Cully <brendan@cully.org>
Brendan Cully <brendan@cully.org>	Brendan Cully <brendan@kublai.com>
Brent Nordquist <brent@nordist.net>	Brent J. Nordquist <brent@nordist.net>
Brent Nordquist <brent@nordist.net>	Brent Nordquist <brent@nordist.net>
Bruno Postle <bruno@postle.net>	Bruno Postle <bruno@postle.net>
Byrial Jensen <byrial@image.dk>	Byrial Jensen <byrial@image.dk>
Cameron Patrick <cameron@patrick.wattle.id.au>	Cameron Patrick <cameron@patrick.wattle.id.au>
Cedric Duval <cedricduval@free.fr>	Cedric Duval <cedricduval@free.fr>
Cedric Duval <cedricduval@free.fr>	Cedric Duval <cedricduval+web@free.fr>
Christian Aichinger <greek0@gmx.net>	Christian Aichinger <greek0@gmx.net>
Christian Ebert <blacktrash@gmx.net>	Christian Ebert <blacktrash@gmx.net>
Christian Vogel <vogelchr@vogel.cx>	Christian Vogel <vogelchr@vogel.cx>
Christoph Ludwig <cludwig@cdc.informatik.tu-darmstadt.de>	Christoph Ludwig <cludwig@cdc.informatik.tu-darmstadt.de>
Cody Brownstein <cbrownstein@liquidityllc.com>	Cody Brownstein <cbrownstein@liquidityllc.com>
Consus <consus@gmx.com>	Consus <consus@gmx.com>
convert-repo <unknown>	convert-repo <unknown>
convert-repo <unknown>	hncaldwell <unknown>
Corey Minyard <cminyard@mvista.com>	Corey Minyard <cminyard@mvista.com>
Cyril Roelandt <tipecaml@gmail.com>	Cyril Roelandt <tipecaml@gmail.com>
Dale Woolridge <dale-list-mutt-dev-2@woolridge.org>	Dale Woolridge <dale-flea-mutt-bug@woolridge.org>
Dale Woolridge <dale-list-mutt-dev-2@woolridge.org>	Dale Woolridge <dale-list-mutt-dev-2@woolridge.org>
Dan Born <dan@danborn.net>	Dan Born <dan@danborn.net>
Dan Fandrich <dan@coneharvesters.com>	Dan Fandrich <dan@coneharvesters.com>
Dan Hopper <ku4nf@austin.rr.com>	Dan Hopper <ku4nf@austin.rr.com>
Dan Loewenherz <daniel.loewenherz@yale.edu>	Dan Loewenherz <daniel.loewenherz@yale.edu>
Dan Nelson <dnelson@allantgroup.com>	Dan Nelson <dnelson@allantgroup.com>
Dan Ohnesorg <dan@ohnesorg.cz>	Dan Ohnesorg <dan@ohnesorg.cz>
Daniel Burrows <dburrows@debian.org>	Daniel Burrows <dburrows@debian.org>
Daniel Jacobowitz <dan@debian.org>	Daniel Jacobowitz <dan@debian.org>
Daniel Kahn Gillmor <dkg@fifthhorseman.net>	Daniel Kahn Gillmor <dkg@fifthhorseman.net>
Daniel Schmitz <dr1s@users.noreply.github.com>	Daniel Schmitz <dr1s@users.noreply.github.com>
Daniel Tameling <tamelingdaniel@gmail.com>	Daniel Tameling <tamelingdaniel@gmail.com>
David Champion <dgc@c13.us>	David Champion <dgc@bikeshed.us>
David Champion <dgc@c13.us>	David Champion <dgc@c13.us>
David Champion <dgc@c13.us>	David Champion <dgc.github@c13.us>
David Champion <dgc@c13.us>	David Champion <dgc@uchicago.edu>
David Jardine <david@jardine.de>	David Jardine <david@jardine.de>
David Shaw <dshaw@jabberwocky.com>	David Shaw <dshaw@jabberwocky.com>
David Wilson <dw@botanicus.net>	David Wilson <dw@botanicus.net>
David Yitzchak Cohen <lists+mutt_devs@bigfatdave.com>	David Yitzchak Cohen <lists+mutt_bugs@bigfatdave.com>
David Yitzchak Cohen <lists+mutt_devs@bigfatdave.com>	David Yitzchak Cohen <lists+mutt_devs@bigfatdave.com>
Derek Martin <code@pizzashack.org>	Derek Martin <code@pizzashack.org>
Derek Martin <code@pizzashack.org>	Derek Martin <invalid@pizzashack.org>
Derek Schrock <dereks@lifeofadishwasher.com>	Derek Schrock <dereks@lifeofadishwasher.com>
Dmitri Vereshchagin <dmitri.vereshchagin@gmail.com>	Dmitri Vereshchagin <dmitri.vereshchagin@gmail.com>
Ed Neville <ed@s5h.net>	Ed Neville <ed@s5h.net>
Ed Neville <ed@s5h.net>	ed@s5h.net <ed@s5h.net>
Edmund Grimley Evans <edmundo@rano.org>	Edmund GRIMLEY EVANS <edmund820@rano.org>
Edmund Grimley Evans <edmundo@rano.org>	Edmund GRIMLEY EVANS <edmundo@rano.org>
Edmund Grimley Evans <edmundo@rano.org>	Edmund Grimley Evans <edmundo@rano.org>
Eike Rathke <erack@erack.de>	Eike Rathke <erack@erack.de>
Elmar Hoffmann <mutt-dev-ml@elho.net>	Elmar Hoffmann <mutt-dev-ml@elho.net>
Emanuele Giaquinta <e.giaquinta@glauco.it>	Emanuele Giaquinta <e.giaquinta@glauco.it>
Emanuele Giaquinta <e.giaquinta@glauco.it>	Emanuele Giaquinta <unknown>
Eric Raymond <esr@thyrsus.com>	Eric Raymond <esr@thyrsus.com>
Eric Raymond <esr@thyrsus.com>	Unknown <esr@thyrsus.com>
Erik Hovland <erik@hovland.org>	Erik Hovland <erik@hovland.org>
Fahri Cihan Demirci <fcdemirci@fastmail.fm>	Fahri Cihan Demirci <fcdemirci@fastmail.fm>
Flammie Pirinen <flammie@iki.fi>	Flammie Pirinen <flammie@iki.fi>
Florian Weimer <fw@deneb.enyo.de>	Florian Weimer <fw@deneb.enyo.de>
Gary Johnson <garyjohn@spk.agilent.com>	Gary Johnson <garyjohn@spk.agilent.com>
Gary Johnson <garyjohn@spk.agilent.com>	Gary Johnson <unknown>
Gero Treuner <gerotick@faveve.uni-stuttgart.de>	Gero Treuner <gero@70t.de>
Gero Treuner <gerotick@faveve.uni-stuttgart.de>	Gero Treuner <gerotick@faveve.uni-stuttgart.de>
Gero Treuner <gerotick@faveve.uni-stuttgart.de>	gt_16_gitlab.com@innocircle.com <gt_16_gitlab.com@innocircle.com>
Gregory Shapiro <dev.mutt.org@g.gshapiro.net>	Gregory Shapiro <dev.mutt.org@g.gshapiro.net>
Grzegorz Szymaszek <gszymaszek@short.pl>	Grzegorz Szymaszek <gszymaszek@short.pl>
Guilhem Moulin <guilhem@guilhem.org>	Guilhem Moulin <guilhem@guilhem.org>
guns <self@sungpae.com>	guns <self@sungpae.com>
H.N.Caldwell <unknown>	H.N.Caldwell <unknown>
Holger Weiss <lists@jhweiss.de>	Holger Weiss <holger@zedat.fu-berlin.de>
Holger Weiss <lists@jhweiss.de>	Holger Weiss <lists@jhweiss.de>
Honza Horak <hhorak@redhat.com>	Honza Horak <hhorak@redhat.com>
Honza Horak <hhorak@redhat.com>	Unknown <hhorak@redhat.com>
Horst Schirmeier <horst@schirmeier.com>	Horst Schirmeier <horst@schirmeier.com>
Horvath Szabolcs <horvaths@fi.inf.elte.hu>	Horvath Szabolcs <horvaths@fi.inf.elte.hu>
Hugo Haas <hugo@larve.net>	Hugo Haas <hugo@larve.net>
Im Eunjea <eunjea@koru.org>	Im Eunjea <eunjea@koru.org>
Ivan Vilata i Balaguer <ivan@selidor.net>	Ivan Vilata i Balaguer <ivan@selidor.net>
James McCoy <jamessan@jamessan.com>	James McCoy <jamessan@jamessan.com>
Jeff Ito <jeffi@rcn.com>	Jeff Ito <jeffi@rcn.com>
Jeremy Sowden <jeremy@azazel.net>	Jeremy Sowden <jeremy@azazel.net>
Jesus Climent <jesus.climent@hispalinux.es>	Jesus Climent <jesus.climent@hispalinux.es>
Jesus Climent <jesus.climent@hispalinux.es>	Unknown <jesus.climent@hispalinux.es>
Jim Mock <mij@soupnazi.org>	Jim Mock <mij@soupnazi.org>
Joel Dahl <joel@freebsd.org>	Joel Dahl <joel@freebsd.org>
Johan D <djo33@free.fr>	Johan D <djo33@free.fr>
Johan Svedberg <johan@svedberg.com>	Johan Svedberg <johan@svedberg.com>
Johan Svedberg <johan@svedberg.com>	Johan Svedberg <johan@svedberg.pp.se>
John Beck <john.beck@oracle.com>	John Beck <john.beck@oracle.com>
John Beck <john.beck@oracle.com>	Unknown <john.beck@oracle.com>
John Hawkinson <jhawk@mit.edu>	John Hawkinson <jhawk@mit.edu>
John Swinbank <john@swinbank.org>	John Swinbank <john@swinbank.org>
Joël Riou <joel.riou@normalesup.org>	Joël Riou <joel.riou@normalesup.org>
Jon Miles <jon@zetnet.net>	Jon Miles <jon@zetnet.net>
Jonathan Wakely <bugs@kayari.org>	Jonathan Wakely <bugs@kayari.org>
Jörgen Tegnér <jorgen.tegner@telia.com>	Jörgen Tegnér <jorgen.tegner@telia.com>
Juan Altmayer Pizzorno <juan@altmayer.com>	Juan Altmayer Pizzorno <juan@altmayer.com>
Jukka Salmi <jukka@salmi.ch>	Jukka Salmi <j+mutt@2007.salmi.ch>
Jukka Salmi <jukka@salmi.ch>	Jukka Salmi <jukka@salmi.ch>
Julian Gilbey <julian-git@d-and-j.net>	Julian Gilbey <julian-git@d-and-j.net>
Julien Cristau <unknown>	Julien Cristau <unknown>
Julius Plenz <plenz@cis.fu-berlin.de>	Julius Plenz <plenz@cis.fu-berlin.de>
Kees Cook <kees@outflux.net>	Kees Cook <kees@outflux.net>
Kees Cook <kees@outflux.net>	Unknown <kees@outflux.net>
Kevin McCarthy <kevin@8t8.us>	Kevin McCarthy <kevin@8t8.us>
Kevin Scannell <kscanne@gmail.com>	Kevin Scannell <kscanne@gmail.com>
Kevin Scannell <kscanne@gmail.com>	Kevin Scannell <scannell@slu.edu>
Kimihiro Nonaka <nonakap@gmail.com>	Kimihiro Nonaka <nonakap@gmail.com>
Kimihiro Nonaka <nonakap@gmail.com>	NONAKA Kimihiro <nonakap@gmail.com>
Konstantin Stephan <pigleich3@gmx.net>	Konstantin Stephan <pigleich3@gmx.net>
Kyle Wheeler <kyle@memoryhole.net>	Kyle Wheeler <kyle@memoryhole.net>
Kyle Wheeler <kyle@memoryhole.net>	Kyle Wheeler <kyle-mutt-dev@memoryhole.net>
Kyle Wheeler <kyle@memoryhole.net>	Kyle Wheeler <unknown>
Lars Hecking <lhecking@nmrc.ucc.ie>	Lars Hecking <lhecking@nmrc.ie>
Lars Hecking <lhecking@nmrc.ucc.ie>	Lars Hecking <lhecking@nmrc.ucc.ie>
Lars Hecking <lhecking@nmrc.ucc.ie>	Lars Hecking <lhecking@users.sourceforge.net>
lilydjwg <lilydjwg@gmail.com>	lilydjwg <lilydjwg@gmail.com>
Luke Mewburn <luke@mewburn.net>	Luke Mewburn <luke@mewburn.net>
Mads Martin Joergensen <mmj@suse.de>	Mads Martin Joergensen <mmj@suse.de>
Malcolm Parsons <malcolm.parsons@gmail.com>	Malcolm Parsons <malcolm.parsons@gmail.com>
Mantas Mikulėnas <grawity@gmail.com>	Mantas Mikulėnas <grawity@gmail.com>
Marcel Telka <marcel@telka.sk>	Marcel Telka <marcel@telka.sk>
Marcel Telka <marcel@telka.sk>	Unknown <marcel@telka.sk>
Marco d'Itri <md@linux.it>	Marco d'Itri <md@linux.it>
Marco Paolone <marcopaolone@gmail.com>	Marco Paolone <marcopaolone@gmail.com>
Marek Marczykowski-Górecki <marmarek@invisiblethingslab.com>	Marek Marczykowski-Górecki <marmarek@invisiblethingslab.com>
Martin Michlmayr <tbm@cyrius.com>	Martin Michlmayr <tbm@cyrius.com>
Martin Sandsmark <martin@sandsmark.ninja>	Martin Sandsmark <martin@sandsmark.ninja>
Martin Siegert <siegert@sfu.ca>	Martin Siegert <siegert@sfu.ca>
Masayuki Moriyama <unknown>	Masayuki Moriyama <unknown>
Matt Kraai <kraai@ftbfs.org>	Matt Kraai <kraai@ftbfs.org>
Matthias Andree <matthias.andree@gmx.de>	Matthias Andree <matthias.andree@gmx.de>
Michał Kępień <mutt@kempniu.pl>	Michał Kępień <mutt@kempniu.pl>
Michael Elkins <me@mutt.org>	Michael Elkins <me@mutt.org>
Michael Elkins <me@mutt.org>	Michael Elkins <me@sigpipe.org>
Michael Elkins <me@mutt.org>	Unknown <me@sigpipe.org>
Michael Tatge <michael.tatge@web.de>	Michael Tatge <michael.tatge@web.de>
Michael Vrable <mvrable@cs.ucsd.edu>	Michael Vrable <mvrable@cs.ucsd.edu>
Mike Frysinger <vapier@gentoo.org>	Mike Frysinger <vapier@gentoo.org>
Mike Hallock <mhallock@scs.uiuc.edu>	Mike Hallock <mhallock@scs.uiuc.edu>
Mike Schiraldi <1074468571@schiraldi.org>	Mike Schiraldi <1074468571@schiraldi.org>
Miroslav Lichvar <mlichvar@redhat.com>	Miroslav Lichvar <mlichvar@redhat.com>
Moritz Schulte <moritz@g10code.com>	Moritz Schulte <moritz@g10code.com>
Moritz Schulte <moritz@g10code.com>	Moritz Schulte <Moritz.Schulte@ruhr-uni-bochum.de>
Moritz Schulte <moritz@g10code.com>	Unknown <Moritz.Schulte@ruhr-uni-bochum.de>
Morten Bo Johansen <mbj@spamcop.net>	Morten Bo Johansen <listmail@mbjnet.dk>
Morten Bo Johansen <mbj@spamcop.net>	Morten Bo Johansen <mbj@mbjnet.dk>
Morten Bo Johansen <mbj@spamcop.net>	Morten Bo Johansen <mbj@spamcop.net>
Morten Bo Johansen <mbj@spamcop.net>	Morten Bo Johansen <mjb@spamcop.net>
Morten Bo Johansen <mbj@spamcop.net>	Morten Bo Johansen <mojo@mbjnet.dk>
Morten Bo Johansen <mbj@spamcop.net>	Morten Bo Johansen <morten.bo.johansen@gmail.com>
Muh Muhten <muh.muhten@gmail.com>	Muh Muhten <muh.muhten@gmail.com>
Nathan Dushman <nhd+mutt@andrew.cmu.edu>	Nathan Dushman <nhd+mutt@andrew.cmu.edu>
Neil Brown <neilb@cse.unsw.edu.au>	Neil Brown <neilb@cse.unsw.edu.au>
Nicolas Rachinsky <nr@rachinsky.de>	Nicolas Rachinsky <nicolas@dauerreden.de>
Nicolas Rachinsky <nr@rachinsky.de>	Nicolas Rachinsky <nr@rachinsky.de>
Nik Melchior <nam1@cec.wustl.edu>	Nik A. Melchior <nam1@cec.wustl.edu>
Nik Melchior <nam1@cec.wustl.edu>	Nik Melchior <nam1@cec.wustl.edu>
N.J. Mann <njm@njm.f2s.com>	N.J. Mann <njm@njm.f2s.com>
Olaf Hering <olaf@aepfle.de>	Olaf Hering <olaf@aepfle.de>
Ondřej Bílka <neleai@seznam.cz>	Ondřej Bílka <neleai@seznam.cz>
Oneric <Nyff@protonmail.ch>	Oneric <Nyff@protonmail.ch>
Oota Toshiya <oota@mspd.mt.nec.co.jp>	Oota Toshiya <oota@mspd.mt.nec.co.jp>
Oota Toshiya <oota@mspd.mt.nec.co.jp>	oota toshiya <oota@mspd.mt.nec.co.jp>
Oswald Buddenhagen <ossi@kde.org>	Oswald Buddenhagen <ossi@kde.org>
Patrick Welche <prlw1@cam.ac.uk>	Patrick Welche <prlw1@cam.ac.uk>
Patrick Welche <prlw1@cam.ac.uk>	Patrick Welche <prlw1@newn.cam.ac.uk>
Paul Eggert <eggert@cs.ucla.edu>	Paul Eggert <eggert@cs.ucla.edu>
Paul Walker <paul@black-sun.demon.co.uk>	Paul Walker <paul@black-sun.demon.co.uk>
Paul Walker <paul@black-sun.demon.co.uk>	Paul WALKER <paul.walker@st.com>
Pawel Dziekonski <dzieko@pwr.wroc.pl>	Pawel Dziekonski <dzieko@pwr.wroc.pl>
Pawel Dziekonski <dzieko@pwr.wroc.pl>	Pawel Dziekonski <pawel.dziekonski@pwr.wroc.pl>
Peter Collingbourne <peter@pcc.me.uk>	Peter Collingbourne <peter@pcc.me.uk>
Peter Rosin <peda@lysator.liu.se>	Peter Rosin <peda@lysator.liu.se>
Peter Wu <peter@lekensteyn.nl>	Peter Wu <peter@lekensteyn.nl>
Petr Písař <petr.pisar@atlas.cz>	Petr Pisar <petr.pisar@atlas.cz>
Petr Písař <petr.pisar@atlas.cz>	Petr Písař <petr.pisar@atlas.cz>
Petr Písař <petr.pisar@atlas.cz>	Petr P√≠sa≈ô <petr.pisar@atlas.cz>
Phil Pennock <mutt-dev@spodhuis.demon.nl>	Phil Pennock <mutt-dev@spodhuis.demon.nl>
Philipp Gesang <philipp.gesang@intra2net.com>	Philipp Gesang <philipp.gesang@intra2net.com>
Piarres Beobide Egaña <pi@beobide.net>	pi <pi@beobide.net>
Piarres Beobide Egaña <pi@beobide.net>	Piarres Beobide Egaña <pi@beobide.net>
Rado Smiljanic <regrado@web.de>	Rado S <regrado@web.de>
Rado Smiljanic <regrado@web.de>	Rado Smiljanic <regrado@web.de>
Ralf Wildenhues <wildenhues@ins.uni-bonn.de>	Ralf Wildenhues <wildenhues@ins.uni-bonn.de>
Recai Oktas <roktas@omu.edu.tr>	Recai Oktas <roktas@omu.edu.tr>
Remco Rijnders <remco@webconquest.com>	Remco Rijnders <remco@webconquest.com>
Remco Rijnders <remco@webconquest.com>	Remco Rĳnders <remco@webconquest.com>
René Clerc <rene@clerc.nl>	René Clerc <rene@clerc.nl>
René Clerc <rene@clerc.nl>	Ren√© Clerc <rene@clerc.nl>
Rich Burridge <rich.burridge@oracle.com>	Rich Burridge <rich.burridge@oracle.com>
Rich Burridge <rich.burridge@oracle.com>	Unknown <rich.burridge@oracle.com>
Robert Schiele <robert.schiele@t-online.de>	Robert Schiele <robert.schiele@t-online.de>
Rocco Rutte <pdmef@gmx.net>	Rocco Rutte <pdmef@gmx.net>
Rocco Rutte <pdmef@gmx.net>	Rocco Rutte <s1118644@mail.inf.tu-dresden.de>
Roger Cornelius <rac@tenzing.org>	Roger Cornelius <rac@tenzing.org>
Roland Rosenfeld <roland@spinnaker.de>	Roland Rosenfeld <roland@spinnaker.de>
Roman Kagan <rkagan@mail.ru>	Roman Kagan <rkagan@mail.ru>
Roman Kraevskiy <rkraevskiy@gmail.com>	Roman Kraevskiy <rkraevskiy@gmail.com>
Ronny Haryanto <ronny@haryan.to>	Ronny Haryanto <ronny@haryan.to>
Ronny Haryanto <ronny@haryan.to>	Ronny Haryanto <ronnylist@haryan.to>
Rosen Penev <rosenp@gmail.com>	Rosen Penev <rosenp@gmail.com>
Rudi Chiarito <nutello@sweetness.com>	Rudi Chiarito <nutello@sweetness.com>
Rudy Taraschi <rudy@cae.com>	Rudy Taraschi <rudy@cae.com>
Rupert Levene <rupert@levene.dyndns.org>	Rupert Levene <rupert@levene.dyndns.org>
Sahil Tandon <sahil@brandeis.edu>	Sahil Tandon <sahil@brandeis.edu>
Sam Pablo Kuper <sampablokuper@riseup.net>	Sam Pablo Kuper <sampablokuper@riseup.net>
Sami Farin <hvtaifwkbgefbaei@gmail.com>	Sami Farin <hvtaifwkbgefbaei@gmail.com>
Sami Farin <hvtaifwkbgefbaei@gmail.com>	Sami Farin <safari-mutt@safari.iki.fi>
Samuel Tardieu <sam@rfc1149.net>	Samuel Tardieu <sam@rfc1149.net>
Sébastien Hinderer <Sebastien.Hinderer@libertysurf.fr>	Sébastien Hinderer <Sebastien.Hinderer@ens-lyon.org>
Sébastien Hinderer <Sebastien.Hinderer@libertysurf.fr>	Sébastien Hinderer <Sebastien.Hinderer@libertysurf.fr>
Scott Koranda <skoranda@gravity.phys.uwm.edu>	Scott Koranda <skoranda@gravity.phys.uwm.edu>
Sertaç Ö. Yıldız <unknown>	Sertaç Ö. Yıldız <unknown>
Seth Arnold <seth.arnold@suse.de>	Seth Arnold <seth.arnold@suse.de>
Seth Forshee <seth@forshee.me>	Seth Forshee <seth@forshee.me>
Simon Ruderich <simon@ruderich.org>	Simon Ruderich <simon@ruderich.org>
Stefan Kuhn <wuodan@hispeed.ch>	Stefan Kuhn <wuodan@hispeed.ch>
Stefan Strogin <stefan.strogin@gmail.com>	Stefan Strogin <stefan.strogin@gmail.com>
Steve Kemp <skx@debian.org>	Steve Kemp <skx@debian.org>
Steve Kennedy <steve-md@gbnet.net>	Steve Kennedy <steve-md@gbnet.net>
Takashi Takizawa <taki@luna.email.ne.jp>	Takashi TAKIZAWA <taki@cyber.email.ne.jp>
Takashi Takizawa <taki@luna.email.ne.jp>	Takashi Takizawa <taki@luna.email.ne.jp>
Takashi Takizawa <taki@luna.email.ne.jp>	TAKIZAWA Takashi <taki@luna.email.ne.jp>
Tamotsu Takahashi <ttakah@lapis.plala.or.jp>	TAKAHASHI Tamotsu <arms405@jade.dti.ne.jp>
Tamotsu Takahashi <ttakah@lapis.plala.or.jp>	TAKAHASHI Tamotsu <tamo@momonga-linux.org>
Tamotsu Takahashi <ttakah@lapis.plala.or.jp>	TAKAHASHI Tamotsu <ttakah@lapis.plala.or.jp>
Tamotsu Takahashi <ttakah@lapis.plala.or.jp>	Takahashi Tamotsu <ttakah@lapis.plala.or.jp>
Tamotsu Takahashi <ttakah@lapis.plala.or.jp>	Tamotsu TAKAHASHI <ttakah@gmail.com>
Tamotsu Takahashi <ttakah@lapis.plala.or.jp>	Tamotsu TAKAHASHI <ttakah@lapis.plala.or.jp>
Tamotsu Takahashi <ttakah@lapis.plala.or.jp>	Tamotsu Takahashi <ttakah@lapis.plala.or.jp>
ta_panta_rei <7vvtch802@sneakemail.com>	ta_panta_rei <7vvtch802@sneakemail.com>
Thomas Glanzmann <sithglan@stud.uni-erlangen.de>	Thomas Glanzmann <sithglan@stud.uni-erlangen.de>
Thomas Roessler <roessler@does-not-exist.org>	Thomas Roessler <roessler@does-not-exist.org>
Thomas Wiegner <wiegner@gmx.de>	Thomas Wiegner <wiegner@gmx.de>
Tim Stoakes <tim@stoakes.net>	Tim Stoakes <tim@stoakes.net>
Todd Zullinger <tmz@pobox.com>	Todd Zullinger <tmz@pobox.com>
Tomas Hoger <thoger@redhat.com>	Tomas Hoger <thoger@redhat.com>
Tommi Komulainen <tommi.komulainen@iki.fi>	Tommi Komulainen <tommi.komulainen@iki.fi>
Tomokazu Yonetani <qhwt+mutt@les.ath.cx>	Tomokazu Yonetani <qhwt+mutt@les.ath.cx>
Tomokazu Yonetani <qhwt+mutt@les.ath.cx>	YONETANI Tomokazu <qhwt+mutt@les.ath.cx>
Tony Leneis <tony@cvr.ds.adp.com>	Tony Leneis <tony@cvr.ds.adp.com>
Toomas Soome <Toomas.Soome@microlink.ee>	Toomas Soome <Toomas.Soome@microlink.ee>
Toomas Soome <Toomas.Soome@microlink.ee>	Toomas Soome <tsoome@muhv.pri.ee>
Unknown <bat.guano@don.blech.e4ward.com>	Beck, Andre <beck@ibh.de>
Unknown <bat.guano@don.blech.e4ward.com>	Unknown <bat.guano@don.blech.e4ward.com>
Unknown <ckillian@cs.ucsd.edu>	Unknown <ckillian@cs.ucsd.edu>
Unknown <cypher@conuropsis.org>	Unknown <cypher@conuropsis.org>
Unknown <duvall@emufarm.org>	Unknown <duvall@emufarm.org>
Unknown <exg@gentoo.org>	Unknown <exg@gentoo.org>
Unknown <g1pi@libero.it>	Unknown <g1pi@libero.it>
Unknown <is@netbsd.org>	Unknown <is@netbsd.org>
Unknown <ludwig@fh-worms.de>	Unknown <ludwig@fh-worms.de>
Unknown <nihilhill@gmail.com>	Unknown <nihilhill@gmail.com>
Unknown <peb@mppmu.mpg.de>	Unknown <peb@mppmu.mpg.de>
Unknown <ph04169@cc.uoi.gr>	Unknown <ph04169@cc.uoi.gr>
Unknown <pywatson@gmail.com>	Unknown <pywatson@gmail.com>
Unknown <rea-mutt@codelabs.ru>	Unknown <rea-mutt@codelabs.ru>
Unknown <rtc@gmx.de>	Unknown <rtc@gmx.de>
Unknown <Zardoz@users.sourceforge.net>	Unknown <Zardoz@users.sourceforge.net>
Urs Janßen <urs@tin.org>	Urs Janßen <urs@tin.org>
Velko Hristov <hristov@informatik.hu-berlin.de>	Velko Hristov <hristov@informatik.hu-berlin.de>
Vincent Lefevre <vincent@vinc17.org>	Vincent Lefevre <vincent@vinc17.net>
Vincent Lefevre <vincent@vinc17.org>	Vincent Lefevre <vincent@vinc17.org>
Vladimir Marek <vladimir.marek@sun.com>	Vladimir Marek <vladimir.marek@sun.com>
Vsevolod Volkov <vvv@mutt.org.ua>	Vsevolod Volkov <vvv@mutt.org.ua>
Werner Koch <wk@gnupg.org>	Werner Koch <wk@gnupg.org>
Wilfried Goesgens <dothebart@uncensored.citadel.org>	Wilfried Goesgens <dothebart@uncensored.citadel.org>
Will Fiveash <will.fiveash@oracle.com>	Will Fiveash <will.fiveash@oracle.com>
Will Fiveash <will.fiveash@oracle.com>	Will Fiveash <Will.Fiveash@Sun.COM>
Will Fiveash <will.fiveash@oracle.com>	Will Fiveash <william.fiveash@sun.com>
Wouter Verheijen <wv@xs2mail.com>	Wouter Verheijen <wv@xs2mail.com>
Yasuhiro Matsumoto <mattn_jp@hotmail.com>	Yasuhiro Matsumoto <mattn_jp@hotmail.com>
