Adam Borowski	kilobyte@angband.pl	kilobyte
	Adam Borowski <kilobyte@angband.pl>

Ahmed El Gabri	ahmed@gabri.me	ahmedelgabri
	Ahmed El Gabri <ahmed@gabri.me>

Alad Wenter	AladW@users.noreply.github.com	aladw
	Alad Wenter <AladW@users.noreply.github.com>

Aleksa Sarai	cyphar@cyphar.com	cyphar
	Aleksa Sarai <cyphar@cyphar.com>

Alex Pearce	alex@alexpearce.me	alexpearce
	Alex Pearce <alex@alexpearce.me>

Alexandre Simon	as@as-home.fr	igit
	Alexandre SIMON <as@as-home.fr>

Alvaro Herrera	alvherre@alvh.no-ip.org	alvherre
	Alvaro Herrera <alvherre@alvh.no-ip.org>

Alyssa Ross	hi@alyssa.is	alyssais
	Alyssa Ross <hi@alyssa.is>

Andreas Rammhold	andreas@rammhold.de	andir
	Andreas Rammhold <andreas@rammhold.de>

André Berger	ab@andreberger.eu	hvkls
	ab <Andre Berger andre.berger@web.de>
	André Berger <ab@andreberger.eu>
	André Berger <andre.berger@web.de>

Antoine Amarilli	a3nm@a3nm.net	a3nm
	Antoine Amarilli <a3nm@a3nm.net>

Antoine Beaupré	anarcat@debian.org	anarcat
	anarcat <anarcat@users.noreply.github.com>

Anton Rieger	seishinryohosha@jikken.de	inrin
	Anton Rieger <seishinryohosha@jikken.de>
	seishinryohosha <seishinryohosha@users.noreply.github.com>

Antonio Radici	antonio@dyne.org	aradici
	Antonio Radici <antonio@dyne.org>
	Unknown <antonio@dyne.org>

Austin Ray	austin@austinray.io	austin-ray
	Austin Ray <austin.duke.ray@gmail.com>
	Austin Ray <austin@austinray.io>

Benjamin Mako Hill	mako@atdot.cc	makoshark
	Benjamin Mako Hill <mako@atdot.cc>

Bernard Pratz	guyzmo+github+pub@m0g.net	guyzmo
	Bernard 'Guyzmo' Pratz <guyzmo+github+pub@m0g.net>
	Bernard Pratz <guyzmo+github+pub@m0g.net>
	Guyzmo <guyzmo+github+pub@m0g.net>
	guyzmo <guyzmo+github+pub@m0g.net>

Bertram Scharpf	software@bertram-scharpf.de	bertramscharpf
	Bertram Scharpf <software@bertram-scharpf.de>

Bletchley Park	18015852+libBletchley@users.noreply.github.com	libbletchley
	Bletchley Park <18015852+libBletchley@users.noreply.github.com>

Bo Yu	tsu.yubo@gmail.com	yuzibo
	Bo Yu <tsu.yubo@gmail.com>
	Bo <tsu.yubo@gmail.com>
	Bo YU <yuzibode@126.com>

Bryan Bennett	bbenne10@gmail.com	bbenne10
	Bryan Bennett <bbenne10@gmail.com>

Charlie Drage	charlie@charliedrage.com	cdrage
	Charlie Drage <charlie@charliedrage.com>

Chris Czettel	chris@christopher-czettel.net	christopher-john-czettel
	Christopher John CZETTEL <chris@christopher-czettel.net>
	chrissl <chris@christopher-czettel.net>

Chris Salzberg	chris@dejimata.com	shioyama
	Chris Salzberg <chris@dejimata.com>
	Chris Salzberg <csalzberg@degica.com>

Christian Dröge	mail@cdroege.de	cdroege
	Christian Dröge <mail@cdroege.de>

Christoph Berg	cb@df7cb.de	NONE
	Christoph Berg <cb@df7cb.de>

cinder88	aerlanger@owlcti.com	cinder88
	ate <aerlanger@owlcti.com>

Clemens Lang	neverpanic@gmail.com	neverpanic
	Clemens Lang <neverpanic@gmail.com>

Damien Riegel	damien.riegel@gmail.com	d-k-c
	Damien R <d-k-c@users.noreply.github.com>
	Damien Riegel <damien.riegel@gmail.com>
	Damien Riegel <damien.riegel@savoirfairelinux.com>
	Damien Riegel <damien@riegel.io>

Dapeng Gao	peter@dpgao.cc	dpgao
	Dapeng Gao <31944689+dpgao@users.noreply.github.com>
	Dapeng Gao <peter@dpgao.cc>

Darshit Shah	darnir@gmail.com	darnir
	Darshit Shah <darnir@gmail.com>
	Darshit Shah <darnir@users.noreply.github.com>

David Sterba	dsterba@suse.cz	kdave
	David Sterba <dsterba@suse.com>
	David Sterba <dsterba@suse.cz>

Dimitrios Semitsoglou-Tsiapos	kmhzsem@gmx.com	dset0x
	Dimitrios Semitsoglou-Tsiapos <kmhzsem@gmx.com>

Doron Behar	doron.behar@gmail.com	doronbehar
	Doron Behar <doron.behar@gmail.com>

Doug Stone-Weaver	doug@stone-weaver.com	doweaver
	Doug Stone-Weaver <doug@stone-weaver.com>

Edward Betts	edward@4angle.com	edwardbetts
	Edward Betts <edward@4angle.com>

El Acheche ANIS	elacheche@ubuntu.com	elacheche
	El Acheche ANIS <elacheche@ubuntu.com>

Eli Winderickx	eli.winderickx@ap.be	NONE
	Winderickx Eli (p087068) <eli.winderickx@ap.be>

Elimar Riesebieter	riesebie@lxtec.de	riesebie
	Elimar Riesebieter <riesebie@lxtec.de>

Fabian Groffen	grobian@gentoo.org	grobian
	Fabian Groffen <grobian@gentoo.org>
	Fabian Groffen <grobian@orakel.ods.org>

Fabrice Bellet	fabrice@bellet.info	fbellet
	Fabrice Bellet <fabrice@bellet.info>

Federico Kircheis	federico.kircheis@gmail.com	fekir
	Federico Kircheis <federico.kircheis@gmail.com>
	fekir <federico.kircheis@gmail.com>

Florian Klink	flokli@flokli.de	flokli
	Florian Klink <flokli@flokli.de>

Florian Wehner	florian@whnr.de	whnr
	Florian Wehner <florian@whnr.de>

Floyd Anderson	f.a@31c0.net	floand
	Floyd Anderson <f.a@31c0.net>

František Hájik	ferko.hajik@gmail.com	ferkohajik
	František Hájik <ferko.hajik@gmail.com>

Frederick Eaton	frederik@ofb.net	archenemies
	Frederick Eaton <frederik@ofb.net>

Guillaume Brogi	gui-gui@netcourrier.com	guiniol
	Guillaume Brogi <gui-gui@netcourrier.com>
	guiniol <gui-gui@netcourrier.com>

Hugo Barrera	hugo@barrera.io	whynothugo
	Hugo Osvaldo Barrera <hugo@barrera.io>

Ian Zimmerman	itz@no-use.mooo.com	nobrowser
	Ian Zimmerman <itz@no-use.mooo.com>
	Ian Zimmerman <itz@primate.net>
	Ian Zimmerman <itz@very.loosely.org>
	Ian Zimmerman <nobrowser@users.noreply.github.com>

Ismaël Bouya	ismael.bouya@normalesup.org	immae
	Ismaël Bouya <ismael.bouya@normalesup.org>

Ivan J	parazyd@dyne.org	parazyd
	Ivan J <parazyd@users.noreply.github.com>

Ivan Tham	pickfire@riseup.net	pickfire
	Ivan Tham <pickfire@riseup.net>

J Lewis Muir	jlmuir@imca-cat.org	jlmuir
	J. Lewis Muir <jlmuir@imca-cat.org>

Jack Stratton	jack@phroa.net	phroa
	Jack Stratton <jack@phroa.net>

Jakub Jindra	jakub.jindra@socialbakers.com	jindraj
	Jakub Jindra <jindraj@users.noreply.github.com>
	Jakub Jindra <jakub.jindra@socialbakers.com>

Jakub Wilk	jwilk@jwilk.net	jwilk
	Jakub Wilk <jwilk@jwilk.net>

James Vaughan	james@jamesbvaughan.com	jamesbvaughan
	James Vaughan <james@jamesbvaughan.com>

Jasper Adriaanse	jasper@humppa.nl	jasperla
	Jasper Lievisse Adriaanse <jasper@humppa.nl>

Jelle van der Waa	jelle@vdwaa.nl	jelly
	Jelle van der Waa <jelle@vdwaa.nl>

Jenya Sovetkin	e.sovetkin@gmail.com	esovetkin
	Jenya Sovetkin <e.sovetkin@gmail.com>

JerikoOne	jeriko.one@gmx.us	jeriko-one
	JerikoOne <jeriko.one@gmx.us>

Joey Pabalinas	joeypabalinas@gmail.com	alyptik
	Joey Pabalinas <joeypabalinas@gmail.com>

Johannes Frankenau	johannes@frankenau.net	tsuflux
	Johannes Frankenau <johannes@frankenau.net>

Johannes Weißl	jargon@molb.org	weisslj
	Johannes Weißl <jargon@molb.org>

Jonathan Perkin	jperkin@netbsd.org	jperkin
	Jonathan Perkin <jperkin@netbsd.org>

Josh Poimboeuf	jpoimboe@redhat.com	jpoimboe
	Josh Poimboeuf <jpoimboe@redhat.com>

Joshua Jordi	dracogoyle@gmail.com	jakkinstewart
	Jakkin <dracogoyle@gmail.com>
	Joshua Jordi <JakkinStewart@users.noreply.github.com>

Julian Andres Klode	jak@jak-linux.org	julian-klode
	Julian Andres Klode <jak@jak-linux.org>

Justin Vasel	justin.vasel@gmail.com	justinvasel
	Justin Vasel <justin.vasel@gmail.com>

Karel Zak	kzak@redhat.com	karelzak
	Karel Zak <kzak@redhat.com>

Kevin Decherf	kevin@kdecherf.com	kdecherf
	Kevin Decherf <kevin@kdecherf.com>

Kevin Velghe	kevin@paretje.be	paretje
	Kevin Velghe <kevin@paretje.be>

Larry Rosenman	larryrtx@gmail.com	lrosenman
	Larry Rosenman <larryrtx@gmail.com>

Lars Kellogg-Stedman	lars@oddbit.com	larsks
	Lars Kellogg-Stedman <lars@oddbit.com>

Leo Lundgren	leo@finalresort.org	rawtaz
	Leo R. Lundgren <leo@finalresort.org>
	rawtaz <rawtaz@users.noreply.github.com>

Leonardo Schenkel	leonardo@schenkel.net	lbschenkel
	Leonardo Brondani Schenkel <leonardo@schenkel.net>

Leonidas Spyropoulos	artafinde@gmail.com	inglor
	Leonidas Spyropoulos <artafinde@gmail.com>

Manos Pitsidianakis	el13635@mail.ntua.gr	epilys
	Manos Pitsidianakis <el13635@mail.ntua.gr>

Marcin Rajner	mrajner@gik.pw.edu.pl	mrajner
	Marcin Rajner <mrajner@chalmers>
	Marcin Rajner <mrajner@lenovo>
	Marcin Rajner lenovo <mrajner@gik.pw.edu.pl>

Marco Hinz	mh.codebro@gmail.com	mhinz
	Marco Hinz <mh.codebro@gmail.com>

Marco Sirabella	marco@sirabella.org	mjsir911
	Marco Sirabella <marco@sirabella.org>

Marius Gedminas	marius@gedmin.as	mgedmin
	Marius Gedminas <marius@gedmin.as>

Mark Stenglein	mark@stengle.in	ocelotsloth
	Mark Stenglein <mark@stengle.in>

Mateusz Piotrowski	mpp302@gmail.com	0mp
	Mateusz Piotrowski <mpp302@gmail.com>

Mehdi Abaakouk	sileht@sileht.net	sileht
	Mehdi ABAAKOUK <sileht@sileht.net>
	Mehdi Abaakouk <sileht@sileht.net>

Michael Bazzinotti	mbazzinotti@gmail.com	bazzinotti
	Michael J. Bazzinotti <mbazzinotti@gmail.com>

Nagefire	nagefire.dev@gmail.com	nagefire
	Nagefire <nagefire.dev@gmail.com>

Naveen Nathan	naveen@lastninja.net	nnathan
	Naveen Nathan <naveen@lastninja.net>

ng0	ng0@infotropique.org	ng-0
	ng0 <ng0@infotropique.org>

Nicholas Steeves	nsteeves@gmail.com	sten0
	Nicholas D Steeves <nsteeves@gmail.com>

Nicolas Bock	nicolasbock@gmail.com	nicolasbock
	Nicolas Bock <nicolasbock@gmail.com>

Pablo Ovelleiro Corral	pablo1@mailbox.org	binaryplease
	Pablo Ovelleiro Corral <pablo1@mailbox.org>

parazyd	parazyd@dyne.org	parazyd
	parazyd <parazyd@dyne.org>

Perry Thompson	contact@ryper.org	rypervenche
	Perry Thompson <contact@ryper.org>

Peter Hogg	pm@pig-monkey.com	pigmonkey
	Pig Monkey <pm@pig-monkey.com>

Peter Lewis	pete@muddygoat.org	petelewis
	Peter Lewis <pete@muddygoat.org>

Phil Pennock	phil@pennock-tech.com	philpennock
	Phil Pennock <phil@pennock-tech.com>

Pierre-Elliott Bécue	becue@crans.org	p-eb
	Pierre-Elliott Bécue <P-EB@users.noreply.github.com>
	Pierre-Elliott Bécue <becue@crans.org>

Pietro Cerutti	gahr@gahr.ch	gahr
	Pietro Ceruti <gahr@gahr.ch>
	Pietro Cerutti <gahr@gahr.ch>

r3lgar	r3lgar@openmailbox.org	r3lgar
	r3lgar <r3lgar@openmailbox.org>
	r3lgar <r3lgar@users.noreply.github.com>

Rahul Gopinath	rahul@gopinath.org	vrthra
	Rahul Gopinath <rahul@gopinath.org>

Regid Ichira	regid23@nt1.in	NONE
	Regid Ichira <regid23@nt1.in>

Reis Radomil	reisradomil@fake-box.com	reisradomil
	Reis Radomil <reisradomil@fake-box.com>

Riad Wahby	kwantam@gmail.com	kwantam
	Riad S. Wahby <kwantam@gmail.com>

Richard Hartmann	RichiH@users.noreply.github.com	richih
	Richard Hartmann <RichiH@users.noreply.github.com>

Richard Russon	rich@flatcap.org	flatcap
	Richard Russon <rich@flatcap.org>
	Richard Russon (DEPLOY) <rich@flatcap.org>

Roger Pau Monne	roger.pau@citrix.com	royger
	Roger Pau Monne <roger.pau@citrix.com>

Rubén Llorente	rubenllorente@startmail.com	NONE
	Rubén Llorente <rubenllorente@startmail.com>

ryt	0x747972@gmail.com	0x747972
	ryt <0x747972@gmail.com>

Santiago Torres	torresariass@gmail.com	santiagotorres
	Santiago Torres <torresariass@gmail.com>

Serge Gebhardt	serge.gebhardt@gmail.com	sgeb
	Serge Gebhardt <serge.gebhardt@gmail.com>

Shane Donohoe	donohoe.shane@gmail.com	shanedabes
	Shane Donohoe <donohoe.shane@gmail.com>
	sharktamer <sharktamer@users.noreply.github.com>

Shi Lee	rtlanceroad@gmail.com	NONE
	rtlanceroad <rtlanceroad@gmail.com>

Simon Symeonidis	lethaljellybean@gmail.com	psyomn
	Simon Symeonidis <lethaljellybean@gmail.com>

somini	dev@somini.xyz	somini
	somini <somini29@yandex.com>
	somini <somini@users.noreply.github.com>
	somini <dev@somini.xyz>

Stefan Assmann	sassmann@kpanic.de	sassmann
	sassmann <sassmann@users.noreply.github.com>
	Stefan Assmann <sassmann@kpanic.de>
	Stefan Assmann <sassmann@redhat.com>

Stefan Bühler	stbuehler@web.de	stbuehler
	Stefan Bühler <stbuehler@web.de>

Stefano Zacchiroli	zack@upsilon.cc	zacchiro
	Stefano Zacchiroli <zack@upsilon.cc>

Stephen Gilles	sgilles@math.umd.edu	NONE
	S. Gilles <sgilles@math.umd.edu>

Stefan Kropp	stefan@debxwoody.de	debxwoody
	DebXWoody <stefan@debxwoody.de>
	Stefan <32964719+DebXWoody@users.noreply.github.com>
	Stefan Kropp <stefan@debxwoody.de>

Steven Ragnarök	steven@nuclearsandwich.com	nuclearsandwich
	Steven! Ragnarök <steven@nuclearsandwich.com>

Stuart Henderson	stu-github@spacehopper.org	sthen
	Stuart Henderson <stu-github@spacehopper.org>
	Stuart Henderson <sthen@users.noreply.github.com>

telshock	telshock@users.noreply.github.com	telshock
	telshock <telshock@users.noreply.github.com>

Theo Jepsen	theojepsen@gmail.com	theojepsen
	Theo <theojepsen@g-m-a-i-l-dotcom>

Thiago Costa de Paiva	tecepe@tecepe.eng.br	tecepe
	tecepe <tecepe@tecepe.eng.br>
	tecepe <tecepe@users.noreply.github.com>
	Thiago Costa de Paiva <tcpaiva@cern.ch>
	Thiago Costa de Paiva <tecepe@tecepe.eng.br>

Thomas Adam	thomas@xteddy.org	thomasadam
	Thomas Adam <thomas@xteddy.org>

Thomas Jarosch	thomas.jarosch@intra2net.com	thomasjfox
	Thomas Jarosch <thomas.jarosch@intra2net.com>

Thomas Klausner	wiz@netbsd.org	0-wiz-0
	Thomas Klausner <wiz@netbsd.org>

Thomas Schneider	qsx@qsx.re	qsuscs
	Thomas Schneider <qsx@qsx.re>

Tobias Angele	toogley@mailbox.org	toogley
	Tobias Angele <toogley@mailbox.org>
	toogley <toogley@mailbox.org>

Tobias Stoeckmann	tobias@stoeckmann.org	stoeckmann
	Tobias Stoeckmann <tobias@stoeckmann.org>

Udo Schweigert	mutt@cert.siemens.de	NONE
	Udo Schweigert <mutt@cert.siemens.de>

Victor Fernandes	criw@pm.me	ghikio
	Victor Fernandes <criw@pm.me>

Vladimir Zakharov	zakharov.vv@gmail.com	z2v
	Vladimir Zakharov <zakharov.vv@gmail.com>

Werner Fink	werner@suse.de	bitstreamout
	Werner Fink <werner@suse.de>

Wieland Hoffmann	themineo@gmail.com	mineo
	Wieland Hoffmann <mineo@users.noreply.github.com>
	Wieland Hoffmann <themineo@gmail.com>

Will Curry	will@robotican.org	wcurry
	Will Curry <will@robotican.org>

William Pettersson	william.pettersson@gmail.com	wpettersson
	William Pettersson <william.pettersson+github@gmail.com>
	William Pettersson <william.pettersson@gmail.com>

x3nb63	25959223+x3nb63@users.noreply.github.com	x3nb63
	x3nb63 <25959223+x3nb63@users.noreply.github.com>

Yoshiki Vázquez Baeza	yoshiki89@gmail.com	eldeveloper
	Yoshiki Vázquez Baeza <yoshiki89@gmail.com>

Yubin Ruan	ablacktshirt@gmail.com	walkerlala
	Yubin Ruan <ablacktshirt@gmail.com>

Zero King	l2dy@icloud.com	l2dy
	Zero King <l2dy@icloud.com>

